2024-12-15 09:09:00,837 - INFO - HTTP Request: GET https://www.moneycontrol.com/news/business/markets/page-1/ "HTTP/1.1 200 OK"
2024-12-15 09:09:01,367 - INFO - HTTP Request: GET https://www.investing.com/news/stock-market-news/1 "HTTP/1.1 307 Temporary Redirect"
2024-12-15 09:09:01,834 - INFO - HTTP Request: GET https://www.investing.com/news/stock-market-news/2 "HTTP/1.1 200 OK"
2024-12-15 09:09:01,961 - INFO - HTTP Request: GET https://www.moneycontrol.com/news/business/ipo/innovision-refiles-draft-papers-for-ipo-fresh-issue-size-reduced-to-rs-255-crore-12889807.html "HTTP/1.1 200 OK"
2024-12-15 09:09:01,970 - INFO - HTTP Request: GET https://www.moneycontrol.com/news/business/ipo/blackstone-panchshil-realty-s-ventive-hospitality-to-launch-rs-1-600-cr-ipo-on-dec-20-12890060.html "HTTP/1.1 200 OK"
2024-12-15 09:09:01,979 - INFO - HTTP Request: GET https://www.moneycontrol.com/news/business/ipo/dealmaker-dharmesh-mehta-led-dam-capital-advisors-ipo-to-open-on-dec-19-files-rhp-12890059.html "HTTP/1.1 200 OK"
2024-12-15 09:09:01,986 - INFO - HTTP Request: GET https://www.moneycontrol.com/news/business/markets/90-of-money-should-be-in-quality-stocks-ramesh-damani-s-formula-for-young-investors-12889888.html "HTTP/1.1 200 OK"
2024-12-15 09:09:01,989 - INFO - HTTP Request: GET https://www.moneycontrol.com/news/business/stocks/broader-indices-underperform-but-these-smallcaps-gain-between-10-37-12889827.html "HTTP/1.1 200 OK"
2024-12-15 09:09:01,995 - INFO - HTTP Request: GET https://www.moneycontrol.com/news/business/markets/us-stocks-close-flat-as-nasdaq-extends-weekly-gains-s-p-500-and-dow-dip-12889825.html "HTTP/1.1 200 OK"
2024-12-15 09:09:02,000 - INFO - HTTP Request: GET https://www.moneycontrol.com/news/trends/expert-columns/nifty-stuck-iron-fly-to-the-rescue-shubham-agarwal-12888941.html "HTTP/1.1 200 OK"
2024-12-15 09:09:02,319 - INFO - HTTP Request: GET https://www.moneycontrol.com/news/business/markets/technical-view-holding-24-700-crucial-for-nifty-to-see-upward-journey-vix-at-2-month-low-12889498.html "HTTP/1.1 200 OK"
2024-12-15 09:09:02,331 - INFO - HTTP Request: GET https://www.moneycontrol.com/news/business/markets/consumption-stocks-crowd-pessimism-list-in-november-asian-paints-titan-britannia-among-top-ten-12889445.html "HTTP/1.1 200 OK"
2024-12-15 09:09:02,333 - INFO - HTTP Request: GET https://www.moneycontrol.com/news/business/markets/chartist-talks-sbi-securities-sudeep-shah-picks-2-nifty-stocks-for-next-week-but-advises-avoiding-this-fmcg-major-12889806.html "HTTP/1.1 200 OK"
2024-12-15 09:09:02,336 - INFO - HTTP Request: GET https://www.moneycontrol.com/news/business/markets/bulk-deals-guardian-advisors-pvt-ltd-special-opportunity-fund-offloads-0-92-stake-in-noida-toll-bridge-company-12889795.html "HTTP/1.1 200 OK"
2024-12-15 09:09:02,338 - INFO - HTTP Request: GET https://www.moneycontrol.com/news/photos/business/markets/gainers-losers-10-stocks-that-moved-the-most-on-december-13-3-12889465.html "HTTP/1.1 200 OK"
2024-12-15 09:09:02,340 - INFO - HTTP Request: GET https://www.moneycontrol.com/news/business/ipo/supreme-facility-management-ipo-closes-with-25-71-times-subscription-shares-attract-30-gmp-12889757.html "HTTP/1.1 200 OK"
2024-12-15 09:09:02,342 - INFO - HTTP Request: GET https://www.moneycontrol.com/news/business/ipo/yash-highvoltage-ipo-sees-10-46x-subscription-on-day-2-with-healthy-retail-nii-demand-12889635.html "HTTP/1.1 200 OK"
2024-12-15 09:09:02,344 - INFO - HTTP Request: GET https://www.moneycontrol.com/news/business/markets/business-in-the-week-ahead-december-16-20-2024-12889571.html "HTTP/1.1 200 OK"
2024-12-15 09:09:02,347 - INFO - HTTP Request: GET https://www.moneycontrol.com/news/business/markets/bharti-airtel-clocks-best-week-in-three-months-on-bullish-jefferies-note-hexacom-shines-too-12889418.html "HTTP/1.1 200 OK"
2024-12-15 09:09:02,349 - INFO - HTTP Request: GET https://www.moneycontrol.com/news/business/markets/sensex-nifty-rebound-from-sharp-losses-as-value-buying-lifts-sentiment-all-eyes-on-fed-policy-data-ahead-12889557.html "HTTP/1.1 200 OK"
2024-12-15 09:09:02,352 - INFO - HTTP Request: GET https://www.moneycontrol.com/news/business/markets/sebi-relaxes-isin-restriction-for-issuers-looking-to-list-debt-securities-under-new-regulations-12889545.html "HTTP/1.1 200 OK"
2024-12-15 09:09:02,361 - INFO - HTTP Request: GET https://www.moneycontrol.com/news/photos/business/markets/market-extends-gain-in-fourth-week-it-telecom-realty-stocks-shine-12889826.html "HTTP/1.1 200 OK"
2024-12-15 09:09:02,520 - INFO - HTTP Request: GET https://www.moneycontrol.com/news/business/markets/sebi-clarifies-that-corporate-debt-market-development-fund-is-cat-i-aif-12889577.html "HTTP/1.1 200 OK"
2024-12-15 09:09:02,830 - INFO - HTTP Request: GET https://www.moneycontrol.com/news/business/markets/mc-exclusive-expiry-day-volatility-sebi-s-ananth-narayan-says-watching-if-more-steps-need-to-be-taken-12889598.html "HTTP/1.1 200 OK"
2024-12-15 09:09:02,831 - INFO - HTTP Request: GET https://www.moneycontrol.com/news/business/ipo/purple-united-sales-ipo-sees-148-9x-subscription-shares-to-debut-on-december-18-12889768.html "HTTP/1.1 200 OK"
2024-12-15 09:09:02,930 - INFO - HTTP Request: GET https://www.moneycontrol.com/news/business/markets/diis-net-sell-rs-732-crore-fiis-net-buy-rs-2-235-crore-12889716.html "HTTP/1.1 200 OK"
2024-12-15 09:09:03,637 - INFO - HTTP Request: GET https://www.moneycontrol.com/news/business/markets/india-s-stock-market-growth-is-a-testament-to-investor-trust-in-indian-businesses-ashishkumar-chauhan-12889484.html "HTTP/1.1 200 OK"
2024-12-15 09:09:05,822 - INFO - HTTP Request: GET https://www.moneycontrol.com/news/opinion/moneycontrol-pro-weekender-back-to-the-1930s-12889573.html "HTTP/1.1 200 OK"
2024-12-15 09:09:09,638 - INFO - HTTP Request: GET https://www.investing.com/news/stock-market-news/us-supreme-court-to-hear-dispute-over-california-tailpipe-emissions-ev-standards-3772169 "HTTP/1.1 200 OK"
2024-12-15 09:09:09,646 - INFO - HTTP Request: GET https://www.investing.com/news/stock-market-news/vw-top-shareholder-porsche-se-sees-impairment-on-investment-of-up-to-20-billion-euros-3772120 "HTTP/1.1 200 OK"
2024-12-15 09:09:10,215 - INFO - HTTP Request: GET https://www.moneycontrol.com/news/business/markets/page-2/ "HTTP/1.1 200 OK"
2024-12-15 09:09:10,858 - INFO - HTTP Request: GET https://www.investing.com/news/stock-market-news/russias-novatek-hires-lobbyists-to-thaw-us-relations-sources-say-3772057 "HTTP/1.1 200 OK"
2024-12-15 09:09:10,866 - INFO - HTTP Request: GET https://www.investing.com/news/stock-market-news/manufacturing-and-services-pmis-take-center-stage-on-monday-93CH-3772138 "HTTP/1.1 200 OK"
2024-12-15 09:09:10,878 - INFO - HTTP Request: GET https://www.investing.com/news/stock-market-news/mitek-systems-compass-minerals-and-more-set-to-report-earnings-monday-93CH-3772139 "HTTP/1.1 200 OK"
2024-12-15 09:09:10,888 - INFO - HTTP Request: GET https://www.investing.com/news/stock-market-news/colombia-stocks-lower-at-close-of-trade-colcap-down-036-3772310 "HTTP/1.1 200 OK"
2024-12-15 09:09:10,898 - INFO - HTTP Request: GET https://www.investing.com/news/stock-market-news/australias-insignia-financial-gets-17-billion-takeover-offer-from-bain-capital-3770161 "HTTP/1.1 200 OK"
2024-12-15 09:09:10,911 - INFO - HTTP Request: GET https://www.investing.com/news/stock-market-news/russia-stocks-lower-at-close-of-trade-moex-russia-index-down-032-3772312 "HTTP/1.1 200 OK"
2024-12-15 09:09:10,920 - INFO - HTTP Request: GET https://www.investing.com/news/stock-market-news/stock-market-today-sp-500-snaps-3week-win-streak-ahead-of-fed-meeting-next-week-3770360 "HTTP/1.1 200 OK"
2024-12-15 09:09:10,928 - INFO - HTTP Request: GET https://www.investing.com/news/stock-market-news/goldman-sachs-granted-licence-for-china-fund-sales-3771471 "HTTP/1.1 200 OK"
2024-12-15 09:09:10,936 - INFO - HTTP Request: GET https://www.investing.com/news/stock-market-news/jj-accuses-divisions-of-cigna-of-helping-drain-its-drug-copay-funds-wsj-reports-3772218 "HTTP/1.1 200 OK"
2024-12-15 09:09:10,947 - INFO - HTTP Request: GET https://www.investing.com/news/stock-market-news/brazil-stocks-lower-at-close-of-trade-bovespa-down-116-3772322 "HTTP/1.1 200 OK"
2024-12-15 09:09:10,955 - INFO - HTTP Request: GET https://www.investing.com/news/stock-market-news/abbott-boosts-quarterly-dividend-to-59-cents-up-73-93CH-3772050 "HTTP/1.1 200 OK"
2024-12-15 09:09:10,963 - INFO - HTTP Request: GET https://www.investing.com/news/stock-market-news/liquid-ai-closes-250-million-earlystage-funding-round-led-by-amd-3772129 "HTTP/1.1 200 OK"
2024-12-15 09:09:10,974 - INFO - HTTP Request: GET https://www.investing.com/news/stock-market-news/us-lawmakers-tell-apple-google-to-be-ready-to-remove-tiktok-from-app-stores-on-jan-19-3771947 "HTTP/1.1 200 OK"
2024-12-15 09:09:10,982 - INFO - HTTP Request: GET https://www.investing.com/news/stock-market-news/us-sec-has-extended-timeline-for-musk-to-respond-to-settlement-offer-in-twitter-probe-source-says-3771873 "HTTP/1.1 200 OK"
2024-12-15 09:09:10,992 - INFO - HTTP Request: GET https://www.investing.com/news/stock-market-news/exclusiveyellen-warns-incoming-trump-team-against-interfering-with-bank-supervision-3772250 "HTTP/1.1 200 OK"
2024-12-15 09:09:11,002 - INFO - HTTP Request: GET https://www.investing.com/news/stock-market-news/us-to-set-ai-chip-export-rules-tech-giants-to-be-gatekeepers--reuters-93CH-3772165 "HTTP/1.1 200 OK"
2024-12-15 09:09:11,015 - INFO - HTTP Request: GET https://www.investing.com/news/stock-market-news/under-armour-shares-dip-as-analysts-question-turnaround-plan-93CH-3772158 "HTTP/1.1 200 OK"
2024-12-15 09:09:11,022 - INFO - HTTP Request: GET https://www.investing.com/news/stock-market-news/cocacola-invests-some-90-million-to-expand-production-in-brazils-amazonas-3772135 "HTTP/1.1 200 OK"
2024-12-15 09:09:11,030 - INFO - HTTP Request: GET https://www.investing.com/news/stock-market-news/broadcom-tesla-lead-fridays-market-cap-stock-movers-93CH-3772140 "HTTP/1.1 200 OK"
2024-12-15 09:09:11,038 - INFO - HTTP Request: GET https://www.investing.com/news/stock-market-news/porsche-withdraws-guidance-as-it-expects-upto-20-billion-impairment-charge-3772119 "HTTP/1.1 200 OK"
2024-12-15 09:09:11,050 - INFO - HTTP Request: GET https://www.investing.com/news/stock-market-news/local-unions-call-on-krogers-board-to-replace-ceo-after-75-billion-buyback-plan-3772015 "HTTP/1.1 200 OK"
2024-12-15 09:09:11,058 - INFO - HTTP Request: GET https://www.investing.com/news/stock-market-news/goldman-starts-coverage-on-beauty-stocks-efl-beauty-shares-up-4-3772133 "HTTP/1.1 200 OK"
2024-12-15 09:09:11,075 - INFO - HTTP Request: GET https://www.investing.com/news/stock-market-news/mexico-regulator-rules-walmex-used-monopolistic-practice-orders-fine-3771731 "HTTP/1.1 200 OK"
2024-12-15 09:09:11,088 - INFO - HTTP Request: GET https://www.investing.com/news/stock-market-news/trump-advisers-reported-plan-to-ease-banking-oversight-may-not-get-required-support-3771886 "HTTP/1.1 200 OK"
2024-12-15 09:09:11,101 - INFO - HTTP Request: GET https://www.investing.com/news/stock-market-news/biden-administration-inks-new-science-cooperation-deal-with-china-republicans-cry-foul-3771464 "HTTP/1.1 200 OK"
2024-12-15 09:09:11,714 - INFO - HTTP Request: GET https://www.investing.com/news/stock-market-news/exclusivedatabricks-nears-record-95-billion-vc-raise-eyes-extra-45-billion-debt-3772163 "HTTP/1.1 200 OK"
2024-12-15 09:09:11,720 - INFO - HTTP Request: GET https://www.investing.com/news/stock-market-news/mizuho-downgrades-ringcentral-on-subscription-growth-concerns-shares-down-7-3772040 "HTTP/1.1 200 OK"
2024-12-15 09:09:11,726 - INFO - HTTP Request: GET https://www.investing.com/news/stock-market-news/lamb-weston-stock-rises-amid-reuters-report-of-sale-talks-with-post-holdings-93CH-3772190 "HTTP/1.1 200 OK"
2024-12-15 09:09:11,800 - INFO - HTTP Request: GET https://www.investing.com/news/stock-market-news/european-stocks-on-course-to-snap-threeweek-winning-streak-3770761 "HTTP/1.1 200 OK"
2024-12-15 09:09:11,809 - INFO - HTTP Request: GET https://www.investing.com/news/stock-market-news/unitedhealth-group-ceo-andrew-witty-says-healthcare-system-is-flawed-3770955 "HTTP/1.1 200 OK"
2024-12-15 09:09:11,830 - INFO - HTTP Request: GET https://www.investing.com/news/stock-market-news/canada-stocks-lower-at-close-of-trade-sptsx-composite-down-054-3772324 "HTTP/1.1 200 OK"
2024-12-15 09:09:12,023 - INFO - HTTP Request: GET https://www.investing.com/news/stock-market-news/brokerages-downgrade-gene-editing-company-editas-to-hold-shares-slump-23-3772143 "HTTP/1.1 200 OK"
2024-12-15 09:09:12,070 - INFO - HTTP Request: GET https://www.investing.com/news/stock-market-news/bmo-hires-sciarrino-from-jpmorgan-chase-to-head-us-commercial-banking-memo-3772157 "HTTP/1.1 200 OK"
2024-12-15 09:09:12,151 - INFO - HTTP Request: GET https://www.moneycontrol.com/news/business/markets/sebi-proposes-that-black-box-algo-providers-register-as-ras-keep-research-reports-12889460.html "HTTP/1.1 200 OK"
2024-12-15 09:09:12,155 - INFO - HTTP Request: GET https://www.moneycontrol.com/news/business/markets/taking-stock-friday-blockbuster-sensex-nifty-recover-more-than-2-from-day-s-low-12889373.html "HTTP/1.1 200 OK"
2024-12-15 09:09:12,157 - INFO - HTTP Request: GET https://www.moneycontrol.com/news/business/markets/u-turn-on-dalal-street-sensex-soars-over-2000-pts-from-intraday-lows-defying-early-losses-on-expiry-day-bank-telecom-lead-gains-12889313.html "HTTP/1.1 200 OK"
2024-12-15 09:09:12,176 - INFO - HTTP Request: GET https://www.moneycontrol.com/news/business/markets/astra-microwave-products-stock-gains-6-after-jv-secures-rs-259-cr-defence-order-12889416.html "HTTP/1.1 200 OK"
2024-12-15 09:09:12,188 - INFO - HTTP Request: GET https://www.moneycontrol.com/news/business/markets/quick-commerce-heats-up-can-zomato-s-blinkit-sustain-its-leadership-12889326.html "HTTP/1.1 200 OK"
2024-12-15 09:09:12,198 - INFO - HTTP Request: GET https://www.moneycontrol.com/news/business/ipo/mobikwik-ipo-continues-to-garner-robust-subscription-sees-50x-bids-on-day-3-so-far-check-gmp-12889356.html "HTTP/1.1 200 OK"
2024-12-15 09:09:12,219 - INFO - HTTP Request: GET https://www.moneycontrol.com/news/business/markets/rate-cut-conundrum-cooling-india-inflation-meets-firm-us-inflation-clouding-investor-hopes-12889195.html "HTTP/1.1 200 OK"
2024-12-15 09:09:12,943 - INFO - HTTP Request: GET https://www.moneycontrol.com/news/business/markets/personal-finance-why-the-angst-against-sip-is-futile-12889189.html "HTTP/1.1 200 OK"
2024-12-15 09:09:12,946 - INFO - HTTP Request: GET https://www.moneycontrol.com/news/business/ipo/vishal-mega-mart-ipo-subscription-crosses-2x-on-day-3-so-far-niis-lead-with-6x-bids-check-latest-gmp-12889234.html "HTTP/1.1 200 OK"
2024-12-15 09:09:12,948 - INFO - HTTP Request: GET https://www.moneycontrol.com/news/business/markets/sensex-nifty-drag-despite-inflation-cheer-us-fed-policy-fii-selling-among-key-factors-keeping-d-st-in-check-12889268.html "HTTP/1.1 200 OK"
2024-12-15 09:09:12,951 - INFO - HTTP Request: GET https://www.moneycontrol.com/news/business/markets/vodafone-idea-shares-gain-on-rs-55-000-crore-capex-plan-over-next-3-years-12889283.html "HTTP/1.1 200 OK"
2024-12-15 09:09:12,954 - INFO - HTTP Request: GET https://www.moneycontrol.com/news/business/markets/downside-ahead-nifty-may-re-test-october-lows-by-march-says-indiachart-s-rohit-srivastava-12889251.html "HTTP/1.1 200 OK"
2024-12-15 09:09:12,956 - INFO - HTTP Request: GET https://www.moneycontrol.com/news/business/markets/jefferies-predicts-nifty-to-hit-26-600-by-2025-end-unveils-top-stock-picks-12889223.html "HTTP/1.1 200 OK"
2024-12-15 09:09:12,958 - INFO - HTTP Request: GET https://www.moneycontrol.com/news/business/ipo/sai-life-sciences-ipo-issue-booked-1-3x-on-day-3-so-far-qib-portion-booked-3x-12889151.html "HTTP/1.1 200 OK"
2024-12-15 09:09:12,976 - INFO - HTTP Request: GET https://www.moneycontrol.com/news/videos/business/markets/live-nifty-sensex-see-solid-recovery-from-day-s-low-infosys-ioc-in-focus-closing-bell-12889425.html "HTTP/1.1 200 OK"
2024-12-15 09:09:12,985 - INFO - HTTP Request: GET https://www.moneycontrol.com/news/business/markets/mc-exclusive-brokerages-aps-facilitates-dabba-trading-to-make-up-for-business-lost-to-sebis-new-fo-norms-12889394.html "HTTP/1.1 200 OK"
2024-12-15 09:09:12,992 - INFO - HTTP Request: GET https://www.moneycontrol.com/news/business/markets/sebi-proposes-algo-norms-retail-to-get-self-developed-algos-registered-algo-providers-to-get-empanelled-12889397.html "HTTP/1.1 200 OK"
2024-12-15 09:09:12,997 - INFO - HTTP Request: GET https://www.moneycontrol.com/news/business/markets/mc-exclusive-mcx-hires-ey-to-investigate-ransomware-attack-on-brokerages-say-sources-12889331.html "HTTP/1.1 200 OK"
2024-12-15 09:09:13,002 - INFO - HTTP Request: GET https://www.moneycontrol.com/news/business/markets/brightcom-group-shares-q2-earnings-no-update-on-revocation-of-trading-suspension-12889174.html "HTTP/1.1 200 OK"
2024-12-15 09:09:13,008 - INFO - HTTP Request: GET https://www.moneycontrol.com/news/business/markets/ubs-bhanu-baweja-views-china-as-underrated-risk-for-india-s-stock-rally-12889322.html "HTTP/1.1 200 OK"
2024-12-15 09:09:13,013 - INFO - HTTP Request: GET https://www.moneycontrol.com/news/business/markets/bharti-airtel-stock-surges-4-biggest-jump-in-7-weeks-12889278.html "HTTP/1.1 200 OK"
2024-12-15 09:09:13,018 - INFO - HTTP Request: GET https://www.moneycontrol.com/news/business/markets/carlyle-group-said-to-mull-1-billion-india-ipo-for-quest-global-12889304.html "HTTP/1.1 200 OK"
2024-12-15 09:09:13,522 - INFO - HTTP Request: GET https://www.moneycontrol.com/news/business/ipo/international-gemmological-ipo-subscription-status-today-issue-booked-3-so-far-retail-leads-check-latest-gmp-12889179.html "HTTP/1.1 200 OK"
2024-12-15 09:09:13,873 - INFO - HTTP Request: GET https://www.moneycontrol.com/news/business/markets/sensex-nifty-erase-days-losses-it-fmcg-stocks-lead-sharp-recovery-12889203.html "HTTP/1.1 200 OK"
2024-12-15 09:09:16,538 - INFO - HTTP Request: GET https://www.moneycontrol.com/news/business/markets/waaree-energies-stock-snaps-7-day-winning-run-drops-4-as-profit-booking-kicks-in-12889172.html "HTTP/1.1 200 OK"
2024-12-15 09:09:31,182 - INFO - HTTP Request: GET https://www.moneycontrol.com/news/business/markets/page-3/ "HTTP/1.1 200 OK"
2024-12-15 09:09:34,206 - INFO - HTTP Request: GET https://www.moneycontrol.com/news/business/markets/bajel-projects-stock-zooms-10-after-order-win-from-solapur-transmission-12889148.html "HTTP/1.1 200 OK"
2024-12-15 09:09:34,224 - INFO - HTTP Request: GET https://www.moneycontrol.com/news/videos/business/markets/stocks-on-radar-hal-ashok-leyland-gr-infra-zomato-in-focus-december-13-update-12889127.html "HTTP/1.1 200 OK"
2024-12-15 09:09:34,242 - INFO - HTTP Request: GET https://www.moneycontrol.com/news/business/markets/freaky-friday-at-d-street-sensex-crashes-1000-pts-nifty-below-24250-metal-stocks-drag-12889080.html "HTTP/1.1 200 OK"
2024-12-15 09:09:34,253 - INFO - HTTP Request: GET https://www.moneycontrol.com/news/india/it-employees-hold-candlelight-protest-outside-accenture-office-in-solidarity-with-atul-subhash-12889025.html "HTTP/1.1 200 OK"
2024-12-15 09:09:34,265 - INFO - HTTP Request: GET https://www.moneycontrol.com/news/business/markets/nbcc-to-take-over-complete-16-pending-projects-of-supertech-over-three-years-12889061.html "HTTP/1.1 200 OK"
2024-12-15 09:09:34,267 - INFO - HTTP Request: GET https://www.moneycontrol.com/news/business/markets/zomato-shares-in-focus-as-gst-department-slaps-rs-803-4-crore-tax-notice-12889069.html "HTTP/1.1 200 OK"
2024-12-15 09:09:34,270 - INFO - HTTP Request: GET https://www.moneycontrol.com/news/business/markets/brokerage-radar-ubs-cuts-indusind-s-target-price-jefferries-upgrades-indian-oil-to-buy-12889072.html "HTTP/1.1 200 OK"
2024-12-15 09:09:34,280 - INFO - HTTP Request: GET https://www.moneycontrol.com/news/business/markets/indian-oil-shares-rise-3-as-jefferies-upgrades-to-buy-sees-31-upside-12889085.html "HTTP/1.1 200 OK"
2024-12-15 09:09:34,853 - INFO - HTTP Request: GET https://www.moneycontrol.com/news/business/ipo/vishal-mega-mart-ipo-last-day-today-here-are-key-risk-factors-to-consider-before-bidding-for-rs-8-000-crore-public-issue-12888663.html "HTTP/1.1 200 OK"
2024-12-15 09:09:34,854 - INFO - HTTP Request: GET https://www.moneycontrol.com/news/business/markets/first-tick-here-are-the-top-global-cues-for-today-s-trade-9-12888724.html "HTTP/1.1 200 OK"
2024-12-15 09:09:34,855 - INFO - HTTP Request: GET https://www.moneycontrol.com/news/business/markets/hindustan-aeronautics-shares-in-focus-on-inking-pact-with-defence-ministry-to-supply-12-advanced-sukhoi-jets-12889054.html "HTTP/1.1 200 OK"
2024-12-15 09:09:34,858 - INFO - HTTP Request: GET https://www.moneycontrol.com/news/opinion/november-retail-inflation-strengthens-case-for-february-rate-cut-12889065.html "HTTP/1.1 200 OK"
2024-12-15 09:09:34,869 - INFO - HTTP Request: GET https://www.moneycontrol.com/news/business/markets/metal-stocks-under-pressure-jsw-steel-tata-steel-nmdc-sail-drop-3-5-12889090.html "HTTP/1.1 200 OK"
2024-12-15 09:09:34,872 - INFO - HTTP Request: GET https://www.moneycontrol.com/news/business/markets/daily-voice-omniscience-s-ashwini-shami-expects-double-digit-earnings-growth-in-2025-union-budget-to-fuel-market-rally-12889139.html "HTTP/1.1 200 OK"
2024-12-15 09:09:34,875 - INFO - HTTP Request: GET https://www.moneycontrol.com/news/business/stocks/crisil-shares-likely-to-extend-gain-on-fourth-day-on-picking-minority-stake-in-online-psb-loans-12888939.html "HTTP/1.1 200 OK"
2024-12-15 09:09:34,878 - INFO - HTTP Request: GET https://www.moneycontrol.com/news/business/markets/tata-motors-shares-fall-for-third-straight-day-after-commercial-vehicle-price-hike-12889102.html "HTTP/1.1 200 OK"
2024-12-15 09:09:34,883 - INFO - HTTP Request: GET https://www.moneycontrol.com/news/business/markets/could-cooling-november-inflation-cement-rbi-s-rate-cut-decision-firstcry-ceat-in-focus-12889060.html "HTTP/1.1 200 OK"
2024-12-15 09:09:34,886 - INFO - HTTP Request: GET https://www.moneycontrol.com/news/business/markets/china-vows-bigger-fiscal-spending-to-boost-consumption-next-year-12889036.html "HTTP/1.1 200 OK"
2024-12-15 09:09:34,890 - INFO - HTTP Request: GET https://www.moneycontrol.com/news/business/markets/ubs-flags-concerns-over-lenders-cuts-targets-on-au-small-finance-bank-axis-bank-indusind-bank-12889096.html "HTTP/1.1 200 OK"
2024-12-15 09:09:34,895 - INFO - HTTP Request: GET https://www.moneycontrol.com/news/videos/business/markets/live-will-nifty-hold-24-500-support-level-as-weakness-continues-hal-zomato-in-focus-opening-bell-12889079.html "HTTP/1.1 200 OK"
2024-12-15 09:09:34,901 - INFO - HTTP Request: GET https://www.moneycontrol.com/news/business/stocks/ashok-leyland-shares-in-focus-on-winning-order-worth-rs-345-58-crore-12888965.html "HTTP/1.1 200 OK"
2024-12-15 09:09:34,907 - INFO - HTTP Request: GET https://www.moneycontrol.com/news/opinion/biocon-biologics-success-in-biosimilars-points-to-the-future-pathway-for-indian-pharma-12889064.html "HTTP/1.1 200 OK"
2024-12-15 09:09:35,472 - INFO - HTTP Request: GET https://www.moneycontrol.com/news/opinion/india-s-private-healthcare-firms-to-drive-growth-but-will-hurt-affordability-12889159.html "HTTP/1.1 200 OK"
2024-12-15 09:09:36,520 - INFO - HTTP Request: GET https://www.moneycontrol.com/news/business/markets/kalpataru-projects-to-raise-rs-1-000-crore-through-a-qip-issue-price-at-rs-1-201-per-share-12889041.html "HTTP/1.1 200 OK"
2024-12-15 09:09:37,755 - INFO - HTTP Request: GET https://www.moneycontrol.com/news/business/markets/stock-market-live-sensex-nifty-50-share-price-gift-nifty-latest-updates-13-12-2024-liveblog-12889034.html "HTTP/1.1 200 OK"
2024-12-15 09:09:37,872 - INFO - HTTP Request: GET https://www.investing.com/news/stock-market-news/3 "HTTP/1.1 200 OK"
2024-12-15 09:09:42,057 - INFO - HTTP Request: GET https://www.moneycontrol.com/news/business/markets/page-4/ "HTTP/1.1 200 OK"
2024-12-15 09:09:42,199 - INFO - HTTP Request: GET https://www.investing.com/news/stock-market-news/netherlands-stocks-lower-at-close-of-trade-aex-down-010-3771991 "HTTP/1.1 200 OK"
2024-12-15 09:09:42,426 - INFO - HTTP Request: GET https://www.investing.com/news/stock-market-news/germany-stocks-lower-at-close-of-trade-dax-down-017-3771988 "HTTP/1.1 200 OK"
2024-12-15 09:09:42,988 - INFO - HTTP Request: GET https://www.investing.com/news/stock-market-news/new-us-house-banking-chair-wants-to-strip-calcification-from-regulations-3771580 "HTTP/1.1 200 OK"
2024-12-15 09:09:43,011 - INFO - HTTP Request: GET https://www.investing.com/news/stock-market-news/uk-stocks-lower-at-close-of-trade-investingcom-united-kingdom-100-down-014-3772001 "HTTP/1.1 200 OK"
2024-12-15 09:09:43,025 - INFO - HTTP Request: GET https://www.investing.com/news/stock-market-news/sweden-stocks-lower-at-close-of-trade-omx-stockholm-30-down-069-3771999 "HTTP/1.1 200 OK"
2024-12-15 09:09:43,033 - INFO - HTTP Request: GET https://www.investing.com/news/stock-market-news/barclays-rates-norwegian-cruise-line-over-weight-on-strong-demand-3771883 "HTTP/1.1 200 OK"
2024-12-15 09:09:43,043 - INFO - HTTP Request: GET https://www.investing.com/news/stock-market-news/france-stocks-lower-at-close-of-trade-cac-40-down-015-3771985 "HTTP/1.1 200 OK"
2024-12-15 09:09:43,051 - INFO - HTTP Request: GET https://www.investing.com/news/stock-market-news/italy-stocks-higher-at-close-of-trade-investingcom-italy-40-up-004-3771990 "HTTP/1.1 200 OK"
2024-12-15 09:09:43,059 - INFO - HTTP Request: GET https://www.investing.com/news/stock-market-news/blackstone-bain-to-bid-for-mitsubishi-pharma-unit-in-up-to-35-billion-deal-sources-say-3770968 "HTTP/1.1 200 OK"
2024-12-15 09:09:43,070 - INFO - HTTP Request: GET https://www.investing.com/news/stock-market-news/norway-stocks-lower-at-close-of-trade-oslo-obx-down-021-3771865 "HTTP/1.1 200 OK"
2024-12-15 09:09:43,085 - INFO - HTTP Request: GET https://www.investing.com/news/stock-market-news/nancy-pelosi-injured-hospitalized-during-luxembourg-visit-93CH-3771957 "HTTP/1.1 200 OK"
2024-12-15 09:09:43,094 - INFO - HTTP Request: GET https://www.investing.com/news/stock-market-news/walgreens-shares-up-following-sky-report-on-bid-progress-93CH-3771945 "HTTP/1.1 200 OK"
2024-12-15 09:09:43,108 - INFO - HTTP Request: GET https://www.investing.com/news/stock-market-news/denmark-stocks-lower-at-close-of-trade-omx-copenhagen-20-down-258-3771936 "HTTP/1.1 200 OK"
2024-12-15 09:09:43,117 - INFO - HTTP Request: GET https://www.investing.com/news/stock-market-news/marvell-credo-tech-lead-fridays-market-cap-stock-movers-93CH-3771813 "HTTP/1.1 200 OK"
2024-12-15 09:09:43,129 - INFO - HTTP Request: GET https://www.investing.com/news/stock-market-news/jpm-downgrades-key-homebuilder-stock-amid-challenging-supplydemand-dynamics-3771937 "HTTP/1.1 200 OK"
2024-12-15 09:09:43,149 - INFO - HTTP Request: GET https://www.investing.com/news/stock-market-news/sweden-stocks-lower-at-close-of-trade-omx-stockholm-30-down-069-3771998 "HTTP/1.1 200 OK"
2024-12-15 09:09:43,318 - INFO - HTTP Request: GET https://www.investing.com/news/stock-market-news/broadcom-rallies-on-forecast-for-booming-ai-chip-demand-3771047 "HTTP/1.1 200 OK"
2024-12-15 09:09:43,781 - INFO - HTTP Request: GET https://www.investing.com/news/stock-market-news/columnbleak-times-for-copper-smelters-as-conversion-fees-slump-andy-home-3771841 "HTTP/1.1 200 OK"
2024-12-15 09:09:43,795 - INFO - HTTP Request: GET https://www.investing.com/news/stock-market-news/belgium-stocks-lower-at-close-of-trade-bel-20-down-008-3771984 "HTTP/1.1 200 OK"
2024-12-15 09:09:43,800 - INFO - HTTP Request: GET https://www.investing.com/news/stock-market-news/charles-schwab-shares-dip-following-november-metrics-93CH-3771806 "HTTP/1.1 200 OK"
2024-12-15 09:09:43,806 - INFO - HTTP Request: GET https://www.investing.com/news/stock-market-news/ozempic-linked-to-vision-loss-risk-in-new-study-93CH-3771892 "HTTP/1.1 200 OK"
2024-12-15 09:09:43,811 - INFO - HTTP Request: GET https://www.investing.com/news/stock-market-news/lamb-weston-stock-dips-amid-mystery-over-early-earnings-report-93CH-3771882 "HTTP/1.1 200 OK"
2024-12-15 09:09:43,907 - INFO - HTTP Request: GET https://www.investing.com/news/stock-market-news/bofa-rates-bausch--lomb-underperform-with-lower-buyout-chances-3771820 "HTTP/1.1 200 OK"
2024-12-15 09:09:43,911 - INFO - HTTP Request: GET https://www.investing.com/news/stock-market-news/greece-stocks-higher-at-close-of-trade-athens-general-composite-up-036-3771863 "HTTP/1.1 200 OK"
2024-12-15 09:09:43,922 - INFO - HTTP Request: GET https://www.investing.com/news/stock-market-news/portugal-stocks-lower-at-close-of-trade-psi-down-011-3771993 "HTTP/1.1 200 OK"
2024-12-15 09:09:43,933 - INFO - HTTP Request: GET https://www.moneycontrol.com/news/business/markets/trade-spotlight-how-should-you-trade-ltimindtree-jsw-steel-cyient-ghcl-muthoot-finance-ttml-and-others-on-friday-12889013.html "HTTP/1.1 200 OK"
2024-12-15 09:09:43,943 - INFO - HTTP Request: GET https://www.investing.com/news/stock-market-news/venture-globals-plaquemines-plant-to-produce-first-lng-ahead-of-controversial-long-commissioning-3770368 "HTTP/1.1 200 OK"
2024-12-15 09:09:43,953 - INFO - HTTP Request: GET https://www.moneycontrol.com/technology/xiaomi-s-103-rally-puts-ev-dark-horse-on-the-brink-of-new-record-high-article-12889029.html "HTTP/1.1 200 OK"
2024-12-15 09:09:43,960 - INFO - HTTP Request: GET https://www.investing.com/news/stock-market-news/poland-stocks-lower-at-close-of-trade-wig30-down-014-3771938 "HTTP/1.1 200 OK"
2024-12-15 09:09:43,989 - INFO - HTTP Request: GET https://www.moneycontrol.com/news/business/markets/technical-view-selling-pressure-may-intensify-only-if-nifty-decisively-breaks-24-500-vix-at-8-week-low-12888731.html "HTTP/1.1 200 OK"
2024-12-15 09:09:43,992 - INFO - HTTP Request: GET https://www.moneycontrol.com/news/business/markets/bulk-deals-godrej-industries-picks-up-1-07-stake-in-godrej-properties-12888892.html "HTTP/1.1 200 OK"
2024-12-15 09:09:44,006 - INFO - HTTP Request: GET https://www.moneycontrol.com/news/business/ipo/international-gemmological-institute-mops-up-rs-1-900-crore-of-rs-4-225-crore-ipo-via-anchor-book-12888956.html "HTTP/1.1 200 OK"
2024-12-15 09:09:44,017 - INFO - HTTP Request: GET https://www.investing.com/news/stock-market-news/amazon-workers-vote-to-authorize-strikes-in-nyc-93CH-3771905 "HTTP/1.1 200 OK"
2024-12-15 09:09:44,032 - INFO - HTTP Request: GET https://www.investing.com/news/stock-market-news/fed-approves-scotiabank-bid-to-acquire-voting-shares-in-keycorp-3770205 "HTTP/1.1 200 OK"
2024-12-15 09:09:44,033 - INFO - HTTP Request: GET https://www.moneycontrol.com/news/videos/business/markets/bajaj-housing-finance-waaree-energies-ceat-among-the-top-gainers-and-losers-in-trade-on-december-12-12888744.html "HTTP/1.1 200 OK"
2024-12-15 09:09:44,050 - INFO - HTTP Request: GET https://www.investing.com/news/stock-market-news/spain-stocks-lower-at-close-of-trade-ibex-35-down-013-3771996 "HTTP/1.1 200 OK"
2024-12-15 09:09:44,056 - INFO - HTTP Request: GET https://www.investing.com/news/stock-market-news/finland-stocks-lower-at-close-of-trade-omx-helsinki-25-down-087-3771969 "HTTP/1.1 503 Service Temporarily Unavailable"
2024-12-15 09:09:44,061 - INFO - HTTP Request: GET https://www.investing.com/news/stock-market-news/european-markets-mixed-as-investors-digest-rate-cuts-economic-data-3770748 "HTTP/1.1 200 OK"
2024-12-15 09:09:44,396 - INFO - HTTP Request: GET https://www.moneycontrol.com/news/business/markets/taking-stock-nifty-at-24-550-sensex-sheds-236-pts-eyes-on-cpi-data-12888642.html "HTTP/1.1 200 OK"
2024-12-15 09:09:44,922 - INFO - HTTP Request: GET https://www.investing.com/news/stock-market-news/turkey-stocks-higher-at-close-of-trade-bist-100-up-066-3771818 "HTTP/1.1 200 OK"
2024-12-15 09:09:44,941 - INFO - HTTP Request: GET https://www.moneycontrol.com/news/business/ipo/bluestone-jewellery-files-ipo-papers-plans-fresh-issue-size-of-rs-1-000-crore-12888759.html "HTTP/1.1 200 OK"
2024-12-15 09:09:44,944 - INFO - HTTP Request: GET https://www.investing.com/news/stock-market-news/uk-competition-watchdog-launches-probe-into-322-billion-blackrockpreqin-deal-3771290 "HTTP/1.1 200 OK"
2024-12-15 09:09:44,946 - INFO - HTTP Request: GET https://www.moneycontrol.com/news/business/world-gold-council-sees-modest-growth-in-2025-after-best-year-in-over-a-decade-12888879.html "HTTP/1.1 200 OK"
2024-12-15 09:09:44,962 - INFO - HTTP Request: GET https://www.moneycontrol.com/news/business/markets/zero-brokerage-isn-t-free-as-brokers-earn-from-float-says-sebi-s-ananth-narayan-12888957.html "HTTP/1.1 200 OK"
2024-12-15 09:09:44,966 - INFO - HTTP Request: GET https://www.moneycontrol.com/news/business/markets/stock-radar-hindustan-aeronautics-ashok-leyland-gr-infra-zomato-bajel-projects-yes-bank-blackbuck-in-focus-on-friday-12889009.html "HTTP/1.1 200 OK"
2024-12-15 09:09:45,216 - INFO - HTTP Request: GET https://www.moneycontrol.com/news/business/ipo/jungle-camps-india-ipo-closes-with-460x-subscription-gmp-roars-ahead-of-listing-next-week-12888936.html "HTTP/1.1 200 OK"
2024-12-15 09:09:45,377 - INFO - HTTP Request: GET https://www.moneycontrol.com/news/business/markets/trade-setup-for-friday-top-15-things-to-know-before-the-opening-bell-71-12888972.html "HTTP/1.1 200 OK"
2024-12-15 09:09:45,521 - INFO - HTTP Request: GET https://www.moneycontrol.com/news/business/markets/gravita-india-s-rs-1-000-crore-qip-likely-next-week-funds-to-be-used-for-expansion-12888775.html "HTTP/1.1 200 OK"
2024-12-15 09:09:45,710 - INFO - HTTP Request: GET https://www.moneycontrol.com/technology/infosys-rheinenergie-partner-to-help-enterprises-drive-energy-transition-sustainability-article-12888664.html "HTTP/1.1 200 OK"
2024-12-15 09:09:47,912 - INFO - HTTP Request: GET https://www.moneycontrol.com/news/currency/nomura-morgan-stanley-set-to-roll-out-currency-market-services-in-india-12888814.html "HTTP/1.1 200 OK"
2024-12-15 09:09:48,442 - INFO - HTTP Request: GET https://www.moneycontrol.com/news/business/markets/china-signals-more-fiscal-stimulus-rate-cuts-to-boost-economy-12888765.html "HTTP/1.1 200 OK"
2024-12-15 09:09:48,461 - INFO - HTTP Request: GET https://www.moneycontrol.com/news/videos/business/markets/live-nifty-slips-below-24-600-on-weekly-expiry-day-it-hits-record-high-closing-bell-12888644.html "HTTP/1.1 200 OK"
2024-12-15 09:09:48,467 - INFO - HTTP Request: GET https://www.moneycontrol.com/news/business/ipo/toss-the-coin-ipo-sees-bumper-demand-on-final-day-with-952-56x-subscription-gmp-zooms-ahead-of-listing-12888916.html "HTTP/1.1 200 OK"
2024-12-15 09:09:48,473 - INFO - HTTP Request: GET https://www.moneycontrol.com/news/business/ipo/yash-highvoltage-ipo-fully-booked-on-day-1-with-healthy-demand-from-retail-nii-12888961.html "HTTP/1.1 200 OK"
2024-12-15 09:09:48,532 - INFO - HTTP Request: GET https://www.investing.com/news/stock-market-news/greece-to-buy-artillery-systems-from-israel-and-drones-from-us-officials-say-3771842 "HTTP/1.1 200 OK"
2024-12-15 09:09:48,592 - INFO - HTTP Request: GET https://www.moneycontrol.com/news/business/markets/ghcl-shares-close-6-higher-on-government-clearance-for-soda-ash-project-in-gujarat-12888651.html "HTTP/1.1 200 OK"
2024-12-15 09:09:48,596 - INFO - HTTP Request: GET https://www.moneycontrol.com/news/business/markets/nalco-shares-fall-7-amid-surge-in-global-alumina-prices-as-miner-south32-withdraws-mozambique-guidance-12888658.html "HTTP/1.1 200 OK"
2024-12-15 09:09:48,608 - ERROR - Error processing article Finland stocks lower at close of trade; OMX Helsinki 25 down 0.87%: 'NoneType' object has no attribute 'get_text'
2024-12-15 09:09:49,623 - INFO - HTTP Request: GET https://www.moneycontrol.com/news/business/markets/fiis-net-sell-shares-worth-rs-3-560-crore-diis-net-buy-rs-2-647-crore-12888855.html "HTTP/1.1 200 OK"
2024-12-15 09:09:49,632 - INFO - HTTP Request: GET https://www.moneycontrol.com/news/photos/business/markets/gainers-losers-10-stocks-that-moved-the-most-on-december-12-2-12888641.html "HTTP/1.1 200 OK"
2024-12-15 09:09:55,002 - INFO - HTTP Request: GET https://www.moneycontrol.com/news/business/markets/trading-plan-can-nifty-defend-24-500-bank-nifty-hold-above-53-000-amid-consolidation-12889012.html "HTTP/1.1 200 OK"
2024-12-15 09:09:55,970 - INFO - HTTP Request: GET https://www.moneycontrol.com/news/business/markets/page-5/ "HTTP/1.1 200 OK"
2024-12-15 09:10:00,734 - INFO - HTTP Request: GET https://www.moneycontrol.com/news/business/markets/investors-are-falling-in-love-with-railway-stocks-all-over-again-will-they-be-betrayed-12888384.html "HTTP/1.1 200 OK"
2024-12-15 09:10:01,195 - INFO - HTTP Request: GET https://www.moneycontrol.com/news/business/markets/shakti-pumps-shares-jump-5-on-fresh-order-win-soar-400-in-2024-12888507.html "HTTP/1.1 200 OK"
2024-12-15 09:10:02,034 - INFO - HTTP Request: GET https://www.moneycontrol.com/news/business/markets/steel-stocks-off-lows-after-minister-says-centre-considering-safeguard-duty-on-imports-12888517.html "HTTP/1.1 200 OK"
2024-12-15 09:10:02,217 - INFO - HTTP Request: GET https://www.moneycontrol.com/news/business/markets/green-energy-players-adani-green-waaree-energies-hitachi-energy-torrent-power-surge-upto-7-12888626.html "HTTP/1.1 200 OK"
2024-12-15 09:10:02,410 - INFO - HTTP Request: GET https://www.moneycontrol.com/news/business/markets/sensex-nifty-end-lower-ahead-of-india-cpi-data-broader-markets-under-selling-pressure-12888425.html "HTTP/1.1 200 OK"
2024-12-15 09:10:03,155 - INFO - HTTP Request: GET https://www.moneycontrol.com/news/business/markets/hdfc-bank-gets-sebi-s-administrative-warning-over-merchant-banking-rules-assures-to-address-concerns-12888498.html "HTTP/1.1 200 OK"
2024-12-15 09:10:03,346 - INFO - HTTP Request: GET https://www.moneycontrol.com/news/business/markets/mosl-recommends-a-buy-on-icici-bank-over-focus-on-profitable-growth-target-rs-1-550-12888342.html "HTTP/1.1 200 OK"
2024-12-15 09:10:03,537 - INFO - HTTP Request: GET https://www.moneycontrol.com/news/business/ipo/mobikwik-ipo-subscription-status-today-issue-booked-12x-retail-leads-with-43-subscription-so-far-check-latest-gmp-12888420.html "HTTP/1.1 200 OK"
2024-12-15 09:10:03,714 - INFO - HTTP Request: GET https://www.moneycontrol.com/news/business/markets/inventurus-knowledge-ipo-issue-subscribed-14-on-day-1-so-far-retail-investors-lead-12888415.html "HTTP/1.1 200 OK"
2024-12-15 09:10:04,816 - INFO - HTTP Request: GET https://www.moneycontrol.com/news/business/markets/sensex-nifty-decline-ahead-of-india-cpi-data-weekly-f-o-expiry-energy-auto-stocks-drag-12888242.html "HTTP/1.1 200 OK"
2024-12-15 09:10:05,003 - INFO - HTTP Request: GET https://www.moneycontrol.com/news/business/ipo/vishal-mega-mart-ipo-subscription-status-today-issue-booked-73-nii-quota-full-check-latest-gmp-12888291.html "HTTP/1.1 200 OK"
2024-12-15 09:10:05,062 - INFO - HTTP Request: GET https://www.moneycontrol.com/news/business/markets/adani-green-adani-power-other-adani-stocks-gain-up-to-7-group-m-cap-jumps-rs-27-000-crore-12888352.html "HTTP/1.1 200 OK"
2024-12-15 09:10:05,066 - INFO - HTTP Request: GET https://www.moneycontrol.com/news/business/markets/financial-literacy-will-be-key-to-india-s-vision-for-2047-amfi-s-venkat-chalasani-12888370.html "HTTP/1.1 200 OK"
2024-12-15 09:10:05,070 - INFO - HTTP Request: GET https://www.moneycontrol.com/technology/tech-companies-use-advantageclub-ai-to-boost-retention-rate-for-over-15-lakh-employees-article-12888331.html "HTTP/1.1 200 OK"
2024-12-15 09:10:05,073 - INFO - HTTP Request: GET https://www.moneycontrol.com/news/business/markets/how-the-post-pandemic-market-landscape-is-changing-12888249.html "HTTP/1.1 200 OK"
2024-12-15 09:10:05,076 - INFO - HTTP Request: GET https://www.moneycontrol.com/news/business/markets/zaggle-prepaid-rs-950-crore-qip-likely-in-next-two-weeks-12888329.html "HTTP/1.1 200 OK"
2024-12-15 09:10:05,079 - INFO - HTTP Request: GET https://www.moneycontrol.com/news/business/markets/india-s-most-expensive-security-propshare-platina-reit-dethrones-elcid-mrf-with-rs-10-45-lakh-price-tag-12888181.html "HTTP/1.1 200 OK"
2024-12-15 09:10:05,083 - INFO - HTTP Request: GET https://www.moneycontrol.com/news/business/markets/infosys-techm-wipro-shares-at-52-week-high-as-nifty-it-soars-past-46-000-on-fed-rate-cut-hopes-12888208.html "HTTP/1.1 200 OK"
2024-12-15 09:10:05,086 - INFO - HTTP Request: GET https://www.moneycontrol.com/news/business/markets/l-t-stock-falls-for-third-straight-day-despite-macquarie-s-outperform-rating-12888209.html "HTTP/1.1 200 OK"
2024-12-15 09:10:05,091 - INFO - HTTP Request: GET https://www.moneycontrol.com/news/business/markets/waaree-energies-stock-gains-4-as-firm-bags-170-mw-solar-power-plant-project-12888192.html "HTTP/1.1 200 OK"
2024-12-15 09:10:05,106 - INFO - HTTP Request: GET https://www.moneycontrol.com/news/opinion/not-too-hot-is-a-weak-justification-for-a-cut-12888382.html "HTTP/1.1 200 OK"
2024-12-15 09:10:05,114 - INFO - HTTP Request: GET https://www.moneycontrol.com/news/business/markets/ceat-shares-bounce-back-6-after-nuvama-motilal-oswal-assign-buy-following-camso-deal-12888179.html "HTTP/1.1 200 OK"
2024-12-15 09:10:05,117 - INFO - HTTP Request: GET https://www.moneycontrol.com/news/business/markets/godawari-power-stock-surges-to-record-high-inks-pact-with-gail-for-gas-supply-12888162.html "HTTP/1.1 200 OK"
2024-12-15 09:10:05,120 - INFO - HTTP Request: GET https://www.moneycontrol.com/news/business/ipo/emerald-tyre-manufacturers-shares-list-at-90-premium-over-ipo-price-on-nse-sme-12888144.html "HTTP/1.1 200 OK"
2024-12-15 09:10:05,123 - INFO - HTTP Request: GET https://www.moneycontrol.com/news/business/markets/brainbees-solutions-shares-rise-4-as-kotak-securities-initiates-with-add-rating-12888142.html "HTTP/1.1 200 OK"
2024-12-15 09:10:06,506 - INFO - HTTP Request: GET https://www.investing.com/news/stock-market-news/4 "HTTP/1.1 200 OK"
2024-12-15 09:10:12,668 - INFO - HTTP Request: GET https://www.investing.com/news/stock-market-news/paypal-upgraded-to-outperform-by-wolfe-research-on-growth-potential-3771723 "HTTP/1.1 200 OK"
2024-12-15 09:10:12,717 - INFO - HTTP Request: GET https://www.moneycontrol.com/news/business/markets/page-6/ "HTTP/1.1 200 OK"
2024-12-15 09:10:12,790 - INFO - HTTP Request: GET https://www.investing.com/news/stock-market-news/turkey-fines-google-75-million-for-violating-competition-law-3771533 "HTTP/1.1 200 OK"
2024-12-15 09:10:12,967 - INFO - HTTP Request: GET https://www.investing.com/news/stock-market-news/openai-ceo-sam-altman-donates-1-million-to-trump-fund-joining-bezos-and-zuckerberg--fox-news-93CH-3771549 "HTTP/1.1 200 OK"
2024-12-15 09:10:13,447 - INFO - HTTP Request: GET https://www.investing.com/news/stock-market-news/bae-systems-leonardo-mitsubishi-to-develop-sixthgen-fighter-jet-93CH-3771725 "HTTP/1.1 200 OK"
2024-12-15 09:10:13,461 - INFO - HTTP Request: GET https://www.investing.com/news/stock-market-news/progressive-shares-rise-on-strong-november-results-93CH-3771783 "HTTP/1.1 200 OK"
2024-12-15 09:10:13,477 - INFO - HTTP Request: GET https://www.investing.com/news/stock-market-news/philip-morris-to-pay-12-million-to-settle-probe-into-flavored-tobacco-ban-violation-3771798 "HTTP/1.1 200 OK"
2024-12-15 09:10:13,488 - INFO - HTTP Request: GET https://www.investing.com/news/stock-market-news/sec-reopens-probe-into-elon-musks-neuralink-3770597 "HTTP/1.1 200 OK"
2024-12-15 09:10:13,500 - INFO - HTTP Request: GET https://www.investing.com/news/stock-market-news/tavares-says-amicable-stellantis-exit-was-due-to-disagreements-on-strategy-3771239 "HTTP/1.1 200 OK"
2024-12-15 09:10:13,509 - INFO - HTTP Request: GET https://www.investing.com/news/stock-market-news/ayar-labs-secures-155m-in-funding-from-top-us-chipmakers-nvidia-amd-intel--report-93CH-3766201 "HTTP/1.1 200 OK"
2024-12-15 09:10:13,519 - INFO - HTTP Request: GET https://www.investing.com/news/stock-market-news/trump-advisers-exploring-steps-to-shrink-or-abolish-bank-regulators-3771460 "HTTP/1.1 200 OK"
2024-12-15 09:10:13,534 - INFO - HTTP Request: GET https://www.investing.com/news/stock-market-news/penn-shares-surge-after-jpmorgan-upgrade-to-overweight-93CH-3771572 "HTTP/1.1 200 OK"
2024-12-15 09:10:13,542 - INFO - HTTP Request: GET https://www.investing.com/news/stock-market-news/candel-therapeutics-stock-drops-after-pricing-public-offering-93CH-3771386 "HTTP/1.1 200 OK"
2024-12-15 09:10:13,554 - INFO - HTTP Request: GET https://www.investing.com/news/stock-market-news/goldman-sachs-secures-fund-sales-license-in-china-93CH-3771465 "HTTP/1.1 200 OK"
2024-12-15 09:10:13,563 - INFO - HTTP Request: GET https://www.investing.com/news/stock-market-news/cleanspark-trades-lower-after-pricing-550m-convertible-bond-offering-93CH-3771382 "HTTP/1.1 200 OK"
2024-12-15 09:10:13,572 - INFO - HTTP Request: GET https://www.investing.com/news/stock-market-news/broadcom-ai-chip-demand-boosts-sector-stocks-93CH-3771485 "HTTP/1.1 200 OK"
2024-12-15 09:10:13,583 - INFO - HTTP Request: GET https://www.investing.com/news/stock-market-news/brace-for-more-volatility-in-january-btig-3771396 "HTTP/1.1 200 OK"
2024-12-15 09:10:13,730 - INFO - HTTP Request: GET https://www.investing.com/news/stock-market-news/tmobile-announces-14-billion-buyback-3771031 "HTTP/1.1 200 OK"
2024-12-15 09:10:14,773 - INFO - HTTP Request: GET https://www.investing.com/news/stock-market-news/thursday-insider-activity-top-buys-and-sells-in-us-stocks-revealed-93CH-3771581 "HTTP/1.1 200 OK"
2024-12-15 09:10:14,838 - INFO - HTTP Request: GET https://www.investing.com/news/stock-market-news/morocco-stocks-higher-at-close-of-trade-moroccan-all-shares-up-018-3771774 "HTTP/1.1 200 OK"
2024-12-15 09:10:14,863 - INFO - HTTP Request: GET https://www.investing.com/news/stock-market-news/mag-7-stocks-set-to-thrive-through-2025-devere-group-ceo-says-93CH-3771392 "HTTP/1.1 200 OK"
2024-12-15 09:10:14,875 - INFO - HTTP Request: GET https://www.investing.com/news/stock-market-news/unitedhealth-executives-murder-suspect-was-not-a-companys-client-93CH-3771551 "HTTP/1.1 200 OK"
2024-12-15 09:10:14,892 - INFO - HTTP Request: GET https://www.investing.com/news/stock-market-news/global-equity-funds-see-11th-week-of-inflows-on-rate-cut-hopes-93CH-3771497 "HTTP/1.1 200 OK"
2024-12-15 09:10:14,902 - INFO - HTTP Request: GET https://www.investing.com/news/stock-market-news/rubrik-shares-fall-after-large-block-trade-93CH-3771714 "HTTP/1.1 200 OK"
2024-12-15 09:10:14,910 - INFO - HTTP Request: GET https://www.investing.com/news/stock-market-news/netflix-revises-unlimited-parental-leave-policy-amid-cultural-shift-93CH-3771441 "HTTP/1.1 200 OK"
2024-12-15 09:10:14,913 - INFO - HTTP Request: GET https://www.investing.com/news/stock-market-news/affirm-secures-4-billion-capital-deal-with-sixth-street-93CH-3771617 "HTTP/1.1 200 OK"
2024-12-15 09:10:14,919 - INFO - HTTP Request: GET https://www.investing.com/news/stock-market-news/broadcom-rh-evgo-and-tesla-rise-premarket-3771361 "HTTP/1.1 200 OK"
2024-12-15 09:10:14,948 - INFO - HTTP Request: GET https://www.investing.com/news/stock-market-news/turkey-hits-google-with-75-million-antitrust-fine-93CH-3771406 "HTTP/1.1 200 OK"
2024-12-15 09:10:14,959 - INFO - HTTP Request: GET https://www.moneycontrol.com/news/business/markets/sensex-nifty-flat-ahead-of-india-cpi-data-it-stocks-shine-on-fed-rate-cut-hopes-12888068.html "HTTP/1.1 200 OK"
2024-12-15 09:10:14,962 - INFO - HTTP Request: GET https://www.moneycontrol.com/news/business/markets/gopal-snacks-shares-fall-8-amid-major-fire-at-manufacturing-unit-in-rajkot-12888152.html "HTTP/1.1 200 OK"
2024-12-15 09:10:14,968 - INFO - HTTP Request: GET https://www.moneycontrol.com/news/business/markets/vedanta-shares-gain-ahead-of-board-meeting-to-consider-4th-interim-dividend-12888115.html "HTTP/1.1 200 OK"
2024-12-15 09:10:15,077 - INFO - HTTP Request: GET https://www.moneycontrol.com/news/business/markets/consumer-firms-to-see-weak-volumes-in-q3-titan-remains-top-bet-macquarie-12888075.html "HTTP/1.1 200 OK"
2024-12-15 09:10:15,079 - INFO - HTTP Request: GET https://www.investing.com/news/stock-market-news/riot-platforms-increases-bitcoin-holdings-by-over-5000-btc-93CH-3771623 "HTTP/1.1 200 OK"
2024-12-15 09:10:15,081 - INFO - HTTP Request: GET https://www.moneycontrol.com/news/business/markets/centre-considering-duty-relief-for-domestic-aluminium-manufacturers-cnbc-awaaz-12888086.html "HTTP/1.1 200 OK"
2024-12-15 09:10:15,084 - INFO - HTTP Request: GET https://www.moneycontrol.com/news/business/stocks/acme-solar-holdings-shares-in-focus-post-250-mw-project-win-from-nhpc-12887917.html "HTTP/1.1 200 OK"
2024-12-15 09:10:15,087 - INFO - HTTP Request: GET https://www.moneycontrol.com/news/business/ipo/ipo-gmp-today-vishal-mega-mart-vs-mobikwik-vs-sai-lifesciences-subscription-updates-other-key-details-12887811.html "HTTP/1.1 200 OK"
2024-12-15 09:10:15,090 - INFO - HTTP Request: GET https://www.moneycontrol.com/news/opinion/from-memes-to-markets-gen-z-is-redefining-the-future-12888105.html "HTTP/1.1 200 OK"
2024-12-15 09:10:15,094 - INFO - HTTP Request: GET https://www.moneycontrol.com/news/business/markets/nuvama-wealth-tanks-6-after-edelweiss-group-entities-likely-exit-via-rs-2-100-cr-block-deal-12888079.html "HTTP/1.1 200 OK"
2024-12-15 09:10:15,098 - INFO - HTTP Request: GET https://www.investing.com/news/stock-market-news/bofa-upgrades-ciena-to-buy-on-stronger-growth-outlook-3771757 "HTTP/1.1 200 OK"
2024-12-15 09:10:15,101 - INFO - HTTP Request: GET https://www.moneycontrol.com/news/business/markets/short-call-where-to-find-value-in-a-pricey-market-pnc-infra-avenue-supermarts-in-focus-12887840.html "HTTP/1.1 200 OK"
2024-12-15 09:10:15,104 - INFO - HTTP Request: GET https://www.moneycontrol.com/news/business/markets/brokerage-radar-goldman-sachs-cuts-concors-target-hsbc-maintains-hold-on-oberoi-realty-12888058.html "HTTP/1.1 200 OK"
2024-12-15 09:10:15,107 - INFO - HTTP Request: GET https://www.moneycontrol.com/news/business/ipo/bajaj-housing-finance-stock-in-focus-as-three-month-lock-in-period-ends-12-6-crore-shares-available-to-trade-12888054.html "HTTP/1.1 200 OK"
2024-12-15 09:10:15,110 - INFO - HTTP Request: GET https://www.moneycontrol.com/news/business/markets/inflation-gives-fed-green-light-for-cut-in-december-12888065.html "HTTP/1.1 200 OK"
2024-12-15 09:10:15,115 - INFO - HTTP Request: GET https://www.investing.com/news/stock-market-news/moldova-declares-state-of-emergency-amid-gas-supply-concerns-93CH-3771403 "HTTP/1.1 200 OK"
2024-12-15 09:10:15,117 - INFO - HTTP Request: GET https://www.moneycontrol.com/news/business/stocks/gland-pharma-shares-in-focus-on-usfda-approval-for-phytonadione-injectable-emulsion-12887916.html "HTTP/1.1 200 OK"
2024-12-15 09:10:15,120 - INFO - HTTP Request: GET https://www.moneycontrol.com/news/business/markets/concor-shares-sink-as-goldman-sachs-slashes-target-price-sees-17-downside-on-weak-volumes-12888122.html "HTTP/1.1 200 OK"
2024-12-15 09:10:15,125 - INFO - HTTP Request: GET https://www.moneycontrol.com/news/business/markets/shriram-finance-stock-in-focus-after-selling-84-stake-in-housing-finance-arm-to-warburg-pincus-for-rs-3-929-crore-12888109.html "HTTP/1.1 200 OK"
2024-12-15 09:10:15,130 - INFO - HTTP Request: GET https://www.investing.com/news/stock-market-news/nike-set-to-beat-earnings-fall-short-on-guidance-morgan-stanley-says-3771548 "HTTP/1.1 200 OK"
2024-12-15 09:10:15,135 - INFO - HTTP Request: GET https://www.moneycontrol.com/news/business/markets/trade-spotlight-how-should-you-trade-hdfc-amc-tata-communications-lemon-tree-hotels-krbl-pcbl-irctc-and-others-on-thursday-12888029.html "HTTP/1.1 200 OK"
2024-12-15 09:10:15,138 - INFO - HTTP Request: GET https://www.moneycontrol.com/news/business/markets/neuland-labs-plunges-8-as-smallcap-world-fund-likely-exits-in-rs-780-cr-block-deal-12888136.html "HTTP/1.1 200 OK"
2024-12-15 09:10:15,141 - INFO - HTTP Request: GET https://www.moneycontrol.com/news/business/markets/daily-voice-wallfort-s-vijay-bharadia-bets-on-these-5-themes-that-positioned-for-significant-growth-in-2025-12888027.html "HTTP/1.1 200 OK"
2024-12-15 09:10:15,144 - INFO - HTTP Request: GET https://www.investing.com/news/stock-market-news/us-stocks-look-overpriced-barclays-3771364 "HTTP/1.1 200 OK"
2024-12-15 09:10:15,146 - INFO - HTTP Request: GET https://www.moneycontrol.com/news/business/cryptocurrency/bitcoin-lifted-above-100-000-on-firming-expectations-of-fed-cut-12888071.html "HTTP/1.1 200 OK"
2024-12-15 09:10:15,155 - INFO - HTTP Request: GET https://www.investing.com/news/stock-market-news/uae-to-cut-oil-shipments-as-opec-aims-to-bolster-prices-93CH-3771574 "HTTP/1.1 200 OK"
2024-12-15 09:10:15,167 - INFO - HTTP Request: GET https://www.investing.com/news/stock-market-news/eli-lillys-manjaro-gains-on-novo-nordisks-wegovy-in-uk-93CH-3771632 "HTTP/1.1 200 OK"
2024-12-15 09:10:17,083 - INFO - HTTP Request: GET https://www.moneycontrol.com/news/business/markets/first-tick-here-are-the-top-global-cues-for-today-s-trade-8-12887580.html "HTTP/1.1 200 OK"
2024-12-15 09:10:17,226 - INFO - HTTP Request: GET https://www.moneycontrol.com/news/business/markets/elon-musk-still-the-richest-person-in-history-first-in-world-with-net-worth-over-400-billion-powered-by-tesla-spacex-12888104.html "HTTP/1.1 200 OK"
2024-12-15 09:10:17,323 - INFO - HTTP Request: GET https://www.moneycontrol.com/news/ipo/ipo-ipo/iks-health-ipo-is-it-a-healthy-addition-to-your-portfolio-12888118.html "HTTP/1.1 200 OK"
2024-12-15 09:10:17,329 - INFO - HTTP Request: GET https://www.moneycontrol.com/news/opinion/lic-s-losing-streak-in-retail-insurance-business-doesn-t-seem-to-end-12888070.html "HTTP/1.1 200 OK"
2024-12-15 09:10:17,380 - INFO - HTTP Request: GET https://www.investing.com/news/stock-market-news/affirm-shares-in-focus-as-cfo-to-speak-at-fireside-chat-93CH-3771383 "HTTP/1.1 200 OK"
2024-12-15 09:10:17,414 - INFO - HTTP Request: GET https://www.moneycontrol.com/news/business/markets/stock-market-live-sensex-nifty-50-share-price-gift-nifty-latest-updates-12-12-2024-liveblog-12888053.html "HTTP/1.1 200 OK"
2024-12-15 09:10:27,559 - INFO - HTTP Request: GET https://www.moneycontrol.com/news/business/markets/page-7/ "HTTP/1.1 200 OK"
2024-12-15 09:10:33,236 - INFO - HTTP Request: GET https://www.moneycontrol.com/news/business/markets/trading-plan-are-nifty-bank-nifty-ready-to-break-higher-after-4-days-of-consolidation-12888028.html "HTTP/1.1 200 OK"
2024-12-15 09:10:34,157 - INFO - HTTP Request: GET https://www.moneycontrol.com/news/business/markets/stock-radar-nuvama-wealth-acme-solar-reliance-power-varroc-engineering-strides-pharma-waaree-energies-shriram-finance-in-focus-on-thursday-12888026.html "HTTP/1.1 200 OK"
2024-12-15 09:10:34,525 - INFO - HTTP Request: GET https://www.moneycontrol.com/news/business/ipo/rekha-jhunjhunwala-backed-inventurus-knowledge-solutions-raises-rs-1-120-crore-via-anchor-book-rs-2-498-crore-ipo-opens-on-december-12-12887961.html "HTTP/1.1 200 OK"
2024-12-15 09:10:34,544 - INFO - HTTP Request: GET https://www.moneycontrol.com/news/business/markets/trade-setup-for-thursday-top-15-things-to-know-before-the-opening-bell-74-12887990.html "HTTP/1.1 200 OK"
2024-12-15 09:10:34,857 - INFO - HTTP Request: GET https://www.moneycontrol.com/news/business/markets/nuvama-wealth-block-trade-edelweiss-group-entities-launch-around-204-mn-deal-eyeing-complete-exit-12887899.html "HTTP/1.1 200 OK"
2024-12-15 09:10:34,997 - INFO - HTTP Request: GET https://www.moneycontrol.com/news/business/markets/fiis-net-sell-to-the-tune-of-rs-1-012-crore-diis-step-in-to-net-buy-rs-2-007-crore-in-shares-12887854.html "HTTP/1.1 200 OK"
2024-12-15 09:10:35,301 - INFO - HTTP Request: GET https://www.moneycontrol.com/news/business/markets/rupee-declines-to-lifetime-low-hurt-by-weak-yuan-ndf-dollar-bids-12887800.html "HTTP/1.1 200 OK"
2024-12-15 09:10:36,112 - INFO - HTTP Request: GET https://www.moneycontrol.com/news/business/markets/bulk-deals-uti-aditya-birla-nippon-buys-stakes-in-awfis-space-solutions-12887986.html "HTTP/1.1 200 OK"
2024-12-15 09:10:36,256 - INFO - HTTP Request: GET https://www.moneycontrol.com/news/business/markets/sammaan-capital-to-seek-shareholders-nod-qip-of-up-to-rs-2-500-crore-12887932.html "HTTP/1.1 200 OK"
2024-12-15 09:10:36,400 - INFO - HTTP Request: GET https://www.moneycontrol.com/news/business/ipo/dhanlaxmi-crop-science-ipo-bought-529x-on-final-day-gmp-signals-strong-listing-next-week-12887944.html "HTTP/1.1 200 OK"
2024-12-15 09:10:36,542 - INFO - HTTP Request: GET https://www.moneycontrol.com/news/business/markets/analyst-call-tracker-analysts-remain-optimistic-on-adani-ports-and-sez-on-operational-efficiency-and-growth-in-port-volumes-12887952.html "HTTP/1.1 200 OK"
2024-12-15 09:10:38,393 - INFO - HTTP Request: GET https://www.moneycontrol.com/news/business/ipo/vishal-mega-mart-ipo-price-band-bid-details-allotment-listing-date-all-you-need-to-know-about-rs-8-000-cr-issue-12887553.html "HTTP/1.1 200 OK"
2024-12-15 09:10:38,568 - INFO - HTTP Request: GET https://www.moneycontrol.com/news/business/markets/gainers-losers-10-stocks-that-moved-the-most-on-december-11-2-12887640.html "HTTP/1.1 200 OK"
2024-12-15 09:10:38,717 - INFO - HTTP Request: GET https://www.moneycontrol.com/news/videos/business/markets/live-nifty-stuck-in-a-range-holds-24-600-for-now-dmart-cement-in-focus-closing-bell-12887666.html "HTTP/1.1 200 OK"
2024-12-15 09:10:38,928 - INFO - HTTP Request: GET https://www.moneycontrol.com/news/business/ipo/sai-life-sciences-ipo-issue-subscribed-66-on-day-1-so-far-qibs-lead-12887635.html "HTTP/1.1 200 OK"
2024-12-15 09:10:39,112 - INFO - HTTP Request: GET https://www.moneycontrol.com/news/business/markets/sensex-nifty-close-flat-ahead-of-us-inflation-data-it-auto-stocks-gain-12887552.html "HTTP/1.1 200 OK"
2024-12-15 09:10:39,346 - INFO - HTTP Request: GET https://www.moneycontrol.com/news/business/ipo/transrail-lighting-ipo-to-open-on-december-19-trading-in-shares-to-start-on-december-27-12887856.html "HTTP/1.1 200 OK"
2024-12-15 09:10:39,385 - INFO - HTTP Request: GET https://www.moneycontrol.com/news/business/ipo/mobikwik-ceo-says-focused-on-profitable-growth-reinvesting-margins-for-expansion-12887754.html "HTTP/1.1 200 OK"
2024-12-15 09:10:39,392 - INFO - HTTP Request: GET https://www.moneycontrol.com/news/business/ipo/retail-rivals-vishal-mega-mart-s-growth-story-takes-on-dmart-s-legacy-12887564.html "HTTP/1.1 200 OK"
2024-12-15 09:10:39,461 - INFO - HTTP Request: GET https://www.moneycontrol.com/news/business/markets/analyst-call-tracker-hero-motocorp-eicher-see-most-upgrades-but-tata-motors-faces-heat-12887409.html "HTTP/1.1 200 OK"
2024-12-15 09:10:39,970 - INFO - HTTP Request: GET https://www.moneycontrol.com/news/business/markets/rise-of-domestic-investors-does-not-mean-we-do-not-need-foreign-capital-sebi-s-ananth-narayan-12887665.html "HTTP/1.1 200 OK"
2024-12-15 09:10:40,114 - INFO - HTTP Request: GET https://www.moneycontrol.com/news/business/markets/bajaj-finance-shares-soar-3-as-investors-digest-nbfc-s-pivot-to-ai-and-megatrends-12887611.html "HTTP/1.1 200 OK"
2024-12-15 09:10:40,241 - INFO - HTTP Request: GET https://www.moneycontrol.com/news/business/markets/technical-view-nifty-closes-above-24-600-in-rangebound-session-crucial-support-lies-at-24-500-12887718.html "HTTP/1.1 200 OK"
2024-12-15 09:10:40,347 - INFO - HTTP Request: GET https://www.moneycontrol.com/news/business/ipo/vishal-mega-mart-plans-quick-commerce-rollout-ceo-says-well-funded-for-expansion-12887818.html "HTTP/1.1 200 OK"
2024-12-15 09:10:40,378 - INFO - HTTP Request: GET https://www.moneycontrol.com/news/business/markets/renew-energy-to-buy-out-us-listed-shares-top-shareholders-launch-non-binding-offer-12887578.html "HTTP/1.1 200 OK"
2024-12-15 09:10:41,926 - INFO - HTTP Request: GET https://www.investing.com/news/stock-market-news/5 "HTTP/1.1 200 OK"
2024-12-15 09:10:47,927 - INFO - HTTP Request: GET https://www.moneycontrol.com/news/business/markets/page-8/ "HTTP/1.1 200 OK"
2024-12-15 09:10:48,261 - INFO - HTTP Request: GET https://www.investing.com/news/stock-market-news/apple-to-start-airpods-production-in-india-by-early-2025--report-93CH-3771352 "HTTP/1.1 200 OK"
2024-12-15 09:10:48,274 - INFO - HTTP Request: GET https://www.investing.com/news/stock-market-news/qatar-airways-mulls-swapping-boeing-73710-for-smaller-jets-93CH-3771078 "HTTP/1.1 200 OK"
2024-12-15 09:10:48,360 - INFO - HTTP Request: GET https://www.investing.com/news/stock-market-news/apple-set-to-introduce-own-bluetooth-and-wifi-chips-93CH-3771199 "HTTP/1.1 200 OK"
2024-12-15 09:10:48,363 - INFO - HTTP Request: GET https://www.investing.com/news/stock-market-news/sexy-tea-eyes-us-ipo-over-hong-kong-listing-next-year-bloomberg-news-93CH-3770921 "HTTP/1.1 200 OK"
2024-12-15 09:10:48,388 - INFO - HTTP Request: GET https://www.investing.com/news/stock-market-news/3-reasons-why-apple-stock-is-morgan-stanleys-top-pick-for-2025-3771263 "HTTP/1.1 200 OK"
2024-12-15 09:10:48,460 - INFO - HTTP Request: GET https://www.investing.com/news/stock-market-news/jefferies-downgrades-allianz-to-hold-amid-valuation-concerns-3770942 "HTTP/1.1 200 OK"
2024-12-15 09:10:48,480 - INFO - HTTP Request: GET https://www.investing.com/news/stock-market-news/archer-aviation-raises-430-million-through-equity-offering-partners-with-anduril-3769063 "HTTP/1.1 200 OK"
2024-12-15 09:10:48,495 - INFO - HTTP Request: GET https://www.investing.com/news/stock-market-news/dax-to-lead-a-lengthy-period-of-european-outperformance-in-2025-analyst-3770768 "HTTP/1.1 200 OK"
2024-12-15 09:10:48,498 - INFO - HTTP Request: GET https://www.investing.com/news/stock-market-news/sp-500-at-4200-bitcoin-at-45000-if-us-enters-recession-in-2025-bca-3770816 "HTTP/1.1 200 OK"
2024-12-15 09:10:48,505 - INFO - HTTP Request: GET https://www.investing.com/news/stock-market-news/buy-china-stocks-bofas-hartnett-says-3770926 "HTTP/1.1 200 OK"
2024-12-15 09:10:49,658 - INFO - HTTP Request: GET https://www.investing.com/news/stock-market-news/uk-economy-shrinks-unexpectedly-in-october-93CH-3771064 "HTTP/1.1 200 OK"
2024-12-15 09:10:49,673 - INFO - HTTP Request: GET https://www.investing.com/news/stock-market-news/evgo-stock-jumps-on-125-billion-doe-loan-news-93CH-3771288 "HTTP/1.1 200 OK"
2024-12-15 09:10:49,691 - INFO - HTTP Request: GET https://www.investing.com/news/stock-market-news/chinas-xi-advocates-dialogue-with-us-to-avoid-trade-war-93CH-3771057 "HTTP/1.1 200 OK"
2024-12-15 09:10:49,706 - INFO - HTTP Request: GET https://www.investing.com/news/stock-market-news/elon-musk-received-sec-settlement-demand-over-twitter-share-dealings-93CH-3771061 "HTTP/1.1 200 OK"
2024-12-15 09:10:49,723 - INFO - HTTP Request: GET https://www.investing.com/news/stock-market-news/us-reaches-preliminary-deal-with-bosch-for-225-million-in-chip-grants-3770920 "HTTP/1.1 200 OK"
2024-12-15 09:10:49,744 - INFO - HTTP Request: GET https://www.investing.com/news/stock-market-news/trump-tariffs-could-intensify-us-trucking-industry-slump-experts-say-3771017 "HTTP/1.1 200 OK"
2024-12-15 09:10:49,766 - INFO - HTTP Request: GET https://www.investing.com/news/stock-market-news/munich-re-shares-jump-on-6-bln-profit-target-for-2025-3770817 "HTTP/1.1 200 OK"
2024-12-15 09:10:49,904 - INFO - HTTP Request: GET https://www.moneycontrol.com/news/business/markets/analyst-call-tracker-it-stocks-take-lead-in-upgrades-amid-green-shoots-of-recovery-12887300.html "HTTP/1.1 200 OK"
2024-12-15 09:10:50,184 - INFO - HTTP Request: GET https://www.moneycontrol.com/news/business/markets/asian-granito-stock-zooms-11-as-firm-sets-up-jv-with-shudh-investments-and-uk-s-klyn-stone-12887385.html "HTTP/1.1 200 OK"
2024-12-15 09:10:50,195 - INFO - HTTP Request: GET https://www.moneycontrol.com/news/business/markets/mishtann-foods-stock-snaps-3-day-losing-streak-as-2-3-equity-exchanged-in-a-block-deal-12887373.html "HTTP/1.1 200 OK"
2024-12-15 09:10:50,198 - INFO - HTTP Request: GET https://www.moneycontrol.com/news/business/markets/sensex-nifty-open-flat-as-investors-eye-us-inflation-data-auto-stocks-accelerate-12887264.html "HTTP/1.1 200 OK"
2024-12-15 09:10:50,204 - INFO - HTTP Request: GET https://www.moneycontrol.com/news/business/markets/iti-shares-dive-7-as-profit-booking-seeps-in-from-record-high-12887436.html "HTTP/1.1 200 OK"
2024-12-15 09:10:50,214 - INFO - HTTP Request: GET https://www.investing.com/news/stock-market-news/indonesia-stocks-lower-at-close-of-trade-idx-composite-index-down-052-3770775 "HTTP/1.1 200 OK"
2024-12-15 09:10:50,218 - INFO - HTTP Request: GET https://www.moneycontrol.com/news/business/markets/inoxgfl-group-forays-into-solar-cells-and-modules-with-rs-1-500-crore-capex-over-two-years-12887498.html "HTTP/1.1 200 OK"
2024-12-15 09:10:50,226 - INFO - HTTP Request: GET https://www.moneycontrol.com/news/videos/business/ipo/live-vishal-mega-mart-ipo-opens-management-on-growth-expansion-plans-ipo-watch-12887381.html "HTTP/1.1 200 OK"
2024-12-15 09:10:50,232 - INFO - HTTP Request: GET https://www.moneycontrol.com/news/business/ipo/mobikwik-ipo-fully-subscribed-within-first-hour-on-day-1-retail-portion-booked-5x-12887422.html "HTTP/1.1 200 OK"
2024-12-15 09:10:50,290 - INFO - HTTP Request: GET https://www.investing.com/news/stock-market-news/rh-shares-soar-17-as-company-lifts-guidance-on-strong-demand-3770017 "HTTP/1.1 200 OK"
2024-12-15 09:10:50,304 - INFO - HTTP Request: GET https://www.investing.com/news/stock-market-news/aydem-group-eyes-37-billion-value-in-2025-ipos-for-energy-units-93CH-3770930 "HTTP/1.1 200 OK"
2024-12-15 09:10:50,325 - INFO - HTTP Request: GET https://www.investing.com/news/stock-market-news/trump-team-suggests-ending-teslaopposed-crashreporting-rule--reuters-3771294 "HTTP/1.1 200 OK"
2024-12-15 09:10:50,561 - INFO - HTTP Request: GET https://www.investing.com/news/stock-market-news/tesla-rolls-out-smart-summon-feature-in-china-93CH-3770754 "HTTP/1.1 200 OK"
2024-12-15 09:10:51,599 - INFO - HTTP Request: GET https://www.moneycontrol.com/news/business/markets/indian-overseas-bank-shares-rise-on-receive-it-refund-of-rs-1-359-crore-for-ay15-16-12887293.html "HTTP/1.1 200 OK"
2024-12-15 09:10:51,606 - INFO - HTTP Request: GET https://www.moneycontrol.com/news/business/markets/bharat-global-bags-agri-supply-contract-from-tata-agro-stock-up-5-after-multi-bagger-return-in-2024-12887551.html "HTTP/1.1 200 OK"
2024-12-15 09:10:51,609 - INFO - HTTP Request: GET https://www.investing.com/news/stock-market-news/amazon-backs-trump-inauguration-with-1-million-donation-93CH-3771160 "HTTP/1.1 200 OK"
2024-12-15 09:10:51,612 - INFO - HTTP Request: GET https://www.moneycontrol.com/news/business/markets/gold-etfs-see-nearly-3x-surge-in-inflows-amid-strong-investor-demand-and-global-uncertainty-12887506.html "HTTP/1.1 200 OK"
2024-12-15 09:10:51,617 - INFO - HTTP Request: GET https://www.moneycontrol.com/news/business/ipo/nisus-finance-services-shares-list-at-25-premium-over-ipo-price-on-bse-sme-12887327.html "HTTP/1.1 200 OK"
2024-12-15 09:10:51,621 - INFO - HTTP Request: GET https://www.moneycontrol.com/news/business/markets/brokers-continuing-association-with-us-closely-reviewing-their-security-levels-comtel-after-ransomware-attack-12887558.html "HTTP/1.1 200 OK"
2024-12-15 09:10:51,625 - INFO - HTTP Request: GET https://www.moneycontrol.com/news/business/ipo/vishal-mega-mart-ipo-subscribed-17-in-first-two-hours-on-day-1-retail-nii-lead-12887466.html "HTTP/1.1 200 OK"
2024-12-15 09:10:51,629 - INFO - HTTP Request: GET https://www.investing.com/news/stock-market-news/siemens-ag-raises-smart-infrastructure-targets-amid-strong-data-center-growth-3770863 "HTTP/1.1 200 OK"
2024-12-15 09:10:51,633 - INFO - HTTP Request: GET https://www.moneycontrol.com/news/business/markets/syngene-international-stock-extends-gains-to-second-day-surges-4-12887527.html "HTTP/1.1 200 OK"
2024-12-15 09:10:51,638 - INFO - HTTP Request: GET https://www.moneycontrol.com/news/opinion/why-real-estate-majors-are-flocking-to-mumbai-s-redevelopment-market-12887408.html "HTTP/1.1 200 OK"
2024-12-15 09:10:51,644 - INFO - HTTP Request: GET https://www.moneycontrol.com/news/business/markets/tata-trusts-continues-to-oppose-sp-group-s-plan-to-transfer-tata-sons-pledged-shares-for-loan-refinancing-report-12887295.html "HTTP/1.1 200 OK"
2024-12-15 09:10:51,650 - INFO - HTTP Request: GET https://www.investing.com/news/stock-market-news/peter-wennink-to-chair-heineken-after-asml-tenure-93CH-3770767 "HTTP/1.1 200 OK"
2024-12-15 09:10:51,666 - INFO - HTTP Request: GET https://www.investing.com/news/stock-market-news/chinas-credit-growth-slows-despite-stimulus-efforts-93CH-3771049 "HTTP/1.1 200 OK"
2024-12-15 09:10:51,669 - INFO - HTTP Request: GET https://www.moneycontrol.com/news/business/markets/sensex-nifty-marginally-up-ahead-of-us-inflation-data-broader-markets-outperform-12887410.html "HTTP/1.1 200 OK"
2024-12-15 09:10:51,673 - INFO - HTTP Request: GET https://www.moneycontrol.com/news/business/markets/hg-infra-shares-soar-5-on-new-order-win-worth-rs-763-crore-12887281.html "HTTP/1.1 200 OK"
2024-12-15 09:10:51,680 - INFO - HTTP Request: GET https://www.investing.com/news/stock-market-news/india-stocks-higher-at-close-of-trade-nifty-50-up-096-3770954 "HTTP/1.1 200 OK"
2024-12-15 09:10:52,137 - INFO - HTTP Request: GET https://www.investing.com/news/stock-market-news/bofa-upgrades-uk-equities-downgrades-german-stocks-3771194 "HTTP/1.1 200 OK"
2024-12-15 09:10:52,259 - INFO - HTTP Request: GET https://www.investing.com/news/stock-market-news/francois-bayrou-appointed-as-frances-new-prime-minister-93CH-3771192 "HTTP/1.1 200 OK"
2024-12-15 09:10:52,277 - INFO - HTTP Request: GET https://www.investing.com/news/stock-market-news/polands-cd-projekt-releases-trailer-for-witcher-iv-game-3770700 "HTTP/1.1 200 OK"
2024-12-15 09:10:52,279 - INFO - HTTP Request: GET https://www.moneycontrol.com/news/business/markets/pnc-infra-logs-biggest-gain-in-six-months-skyrockets-12-on-bagging-early-completion-bonus-12887349.html "HTTP/1.1 200 OK"
2024-12-15 09:10:52,290 - INFO - HTTP Request: GET https://www.investing.com/news/stock-market-news/broadcom-delivers-upbeat-guidance-as-airelated-revenue-soars-3770071 "HTTP/1.1 200 OK"
2024-12-15 09:10:53,508 - INFO - HTTP Request: GET https://www.moneycontrol.com/news/business/markets/ambit-retains-zomato-as-its-core-holding-in-dec-says-business-model-only-partly-imitable-by-swiggy-zepto-12887319.html "HTTP/1.1 200 OK"
2024-12-15 09:10:53,516 - INFO - HTTP Request: GET https://www.moneycontrol.com/news/business/markets/swiggy-shares-drop-4-amid-profit-booking-kicks-as-anchor-lock-in-expires-12887314.html "HTTP/1.1 200 OK"
2024-12-15 09:10:54,041 - INFO - HTTP Request: GET https://www.moneycontrol.com/news/opinion/investors-need-to-keep-an-eye-on-ukraine-12887525.html "HTTP/1.1 200 OK"
2024-12-15 09:10:56,432 - INFO - HTTP Request: GET https://www.moneycontrol.com/news/business/ipo/travel-food-services-files-draft-papers-with-sebi-to-raise-rs-2-000-crore-via-ipo-12887303.html "HTTP/1.1 200 OK"
2024-12-15 09:10:56,439 - INFO - HTTP Request: GET https://www.moneycontrol.com/news/business/markets/awfis-space-solutions-block-deal-12-equity-changes-hands-peak-xv-bisque-likely-sellers-12887268.html "HTTP/1.1 200 OK"
2024-12-15 09:10:56,927 - INFO - HTTP Request: GET https://www.investing.com/news/stock-market-news/wells-fargos-harvey-explains-why-his-2025-sp-500-pt-of-7007-is-not-a-stretch-3771108 "HTTP/1.1 200 OK"
2024-12-15 09:10:58,260 - INFO - HTTP Request: GET https://www.investing.com/news/stock-market-news/costco-posts-higher-first-quarter-revenue-profit-helped-by-holiday-demand-3770091 "HTTP/1.1 200 OK"
2024-12-15 09:10:58,267 - INFO - HTTP Request: GET https://www.investing.com/news/stock-market-news/ferrovial-sells-heathrow-stake-for-2-billion-93CH-3770769 "HTTP/1.1 200 OK"
2024-12-15 09:10:58,275 - INFO - HTTP Request: GET https://www.investing.com/news/stock-market-news/mixed-reactions-as-cd-projekt-reveals-the-witcher-iv-trailer-featuring-ciri-3770900 "HTTP/1.1 200 OK"
2024-12-15 09:10:58,863 - INFO - HTTP Request: GET https://www.moneycontrol.com/news/business/markets/page-9/ "HTTP/1.1 200 OK"
2024-12-15 09:11:03,698 - INFO - HTTP Request: GET https://www.moneycontrol.com/news/business/markets/shriram-amc-allots-rs-105-crore-of-preferential-shares-to-sanlam-em-triggering-open-offer-for-26-stake-by-promoters-12887279.html "HTTP/1.1 200 OK"
2024-12-15 09:11:05,072 - INFO - HTTP Request: GET https://www.moneycontrol.com/news/opinion/rbi-policy-has-an-unintended-consequence-arbitrage-and-an-intended-one-boosting-bank-margins-12887286.html "HTTP/1.1 200 OK"
2024-12-15 09:11:05,438 - INFO - HTTP Request: GET https://www.moneycontrol.com/news/business/markets/mc-exclusive-sebi-conducts-search-and-seizure-operations-at-mansi-share-sunshine-capital-12887175.html "HTTP/1.1 200 OK"
2024-12-15 09:11:06,745 - INFO - HTTP Request: GET https://www.moneycontrol.com/news/videos/business/markets/live-nifty-stuck-in-a-range-break-above-24-750-key-to-watch-cement-firms-in-focus-opening-bell-12887269.html "HTTP/1.1 200 OK"
2024-12-15 09:11:07,574 - INFO - HTTP Request: GET https://www.moneycontrol.com/news/business/mutual-funds/sip-stoppage-ratio-climbs-to-third-highest-level-ever-in-november-12887292.html "HTTP/1.1 200 OK"
2024-12-15 09:11:07,718 - INFO - HTTP Request: GET https://www.moneycontrol.com/news/opinion/india-s-manufacturing-future-forging-a-new-path-and-role-of-markets-ecosystem-12887176.html "HTTP/1.1 200 OK"
2024-12-15 09:11:09,766 - INFO - HTTP Request: GET https://www.moneycontrol.com/news/business/markets/short-call-is-quick-commerce-turning-into-the-street-s-new-darling-swiggy-mphasis-waree-energies-in-focus-12887248.html "HTTP/1.1 200 OK"
2024-12-15 09:11:09,925 - INFO - HTTP Request: GET https://www.moneycontrol.com/news/business/markets/morepen-labs-forays-into-obesity-market-with-nutrition-products-and-health-tracking-app-12887245.html "HTTP/1.1 200 OK"
2024-12-15 09:11:10,068 - INFO - HTTP Request: GET https://www.moneycontrol.com/news/business/markets/cement-stocks-in-focus-as-dealers-hike-prices-clsa-picks-ultratech-cement-as-top-bet-12887265.html "HTTP/1.1 200 OK"
2024-12-15 09:11:10,209 - INFO - HTTP Request: GET https://www.moneycontrol.com/news/business/markets/goldman-sachs-trims-target-price-on-dmart-amid-increasing-competition-sees-10-downside-12887259.html "HTTP/1.1 200 OK"
2024-12-15 09:11:10,466 - INFO - HTTP Request: GET https://www.moneycontrol.com/news/business/markets/brokerage-radar-goldman-sachs-cuts-avenue-supermart-target-hsbc-starts-pb-fintech-coverage-with-buy-12887262.html "HTTP/1.1 200 OK"
2024-12-15 09:11:10,674 - INFO - HTTP Request: GET https://www.moneycontrol.com/news/business/ipo/vishal-mega-mart-s-rs-8-000-cr-ipo-opens-today-should-you-subscribe-check-analyst-recommendations-latest-gmp-12886977.html "HTTP/1.1 200 OK"
2024-12-15 09:11:10,896 - INFO - HTTP Request: GET https://www.moneycontrol.com/news/business/stocks/ntpc-green-energy-shares-in-focus-on-bagging-order-to-set-up-energy-storage-system-12887138.html "HTTP/1.1 200 OK"
2024-12-15 09:11:12,008 - INFO - HTTP Request: GET https://www.moneycontrol.com/news/business/markets/first-tick-here-are-the-top-global-cues-for-today-s-trade-7-12886885.html "HTTP/1.1 200 OK"
2024-12-15 09:11:13,301 - INFO - HTTP Request: GET https://www.moneycontrol.com/news/business/stocks/saakshi-medtech-shares-in-focus-on-winning-order-worth-rs-250-crore-12887137.html "HTTP/1.1 200 OK"
2024-12-15 09:11:13,304 - INFO - HTTP Request: GET https://www.moneycontrol.com/news/business/markets/daily-voice-stay-away-from-nbfc-sector-as-rough-tide-not-yet-over-says-motilal-oswal-s-ankit-mandholia-12887225.html "HTTP/1.1 200 OK"
2024-12-15 09:11:13,307 - INFO - HTTP Request: GET https://www.moneycontrol.com/news/business/markets/trading-plan-can-nifty-manage-to-sustain-above-24-600-bank-nifty-hold-above-53-300-12887215.html "HTTP/1.1 200 OK"
2024-12-15 09:11:13,310 - INFO - HTTP Request: GET https://www.moneycontrol.com/news/business/markets/trade-spotlight-how-should-you-trade-nuvama-wealth-zen-technologies-nippon-life-ujjivan-sfb-srf-poly-medicure-and-others-on-wednesday-12887214.html "HTTP/1.1 200 OK"
2024-12-15 09:11:13,333 - INFO - HTTP Request: GET https://www.moneycontrol.com/news/business/markets/stock-radar-awfis-space-iob-hg-infra-saakshi-medtech-ntpc-green-energy-asahi-india-glass-in-focus-on-wednesday-12887204.html "HTTP/1.1 200 OK"
2024-12-15 09:11:13,338 - INFO - HTTP Request: GET https://www.moneycontrol.com/news/business/ipo/vishal-mega-mart-rs-8-000-crore-ipo-institutional-investors-pick-rs-2-400-crore-worth-shares-via-anchor-book-12887120.html "HTTP/1.1 200 OK"
2024-12-15 09:11:13,341 - INFO - HTTP Request: GET https://www.moneycontrol.com/news/business/markets/trade-setup-for-wednesday-top-15-things-to-know-before-the-opening-bell-73-12887157.html "HTTP/1.1 200 OK"
2024-12-15 09:11:13,344 - INFO - HTTP Request: GET https://www.moneycontrol.com/news/business/ipo/tpg-backed-sai-life-sciences-mops-up-rs-913-crore-via-anchor-book-rs-3-043-crore-ipo-to-open-for-public-on-december-11-12887143.html "HTTP/1.1 200 OK"
2024-12-15 09:11:13,347 - INFO - HTTP Request: GET https://www.moneycontrol.com/news/business/ipo/mobikwik-mobilises-over-rs-257-crore-via-anchor-book-of-rs-572-crore-ipo-12887127.html "HTTP/1.1 200 OK"
2024-12-15 09:11:13,350 - INFO - HTTP Request: GET https://www.moneycontrol.com/news/business/ipo/jungle-camps-india-ipo-on-day-1-issue-subscribed-33-58-times-retail-portion-booked-62x-12887050.html "HTTP/1.1 200 OK"
2024-12-15 09:11:13,647 - INFO - HTTP Request: GET https://www.moneycontrol.com/news/business/markets/stock-market-live-sensex-nifty-50-share-price-gift-nifty-latest-updates-11-12-2024-liveblog-12887239.html "HTTP/1.1 200 OK"
2024-12-15 09:11:14,928 - INFO - HTTP Request: GET https://www.investing.com/news/stock-market-news/6 "HTTP/1.1 200 OK"
2024-12-15 09:11:20,298 - INFO - Scraping completed in 140.01 seconds
2024-12-15 09:11:20,298 - INFO - Scraped 225 articles.
2024-12-15 09:11:20,570 - INFO - Data insertion completed. 0 new records inserted, 225 records skipped due to conflict. Total time: 0.20 seconds.
2024-12-15 09:11:21,348 - INFO - HTTP Request: GET https://www.investing.com/news/stock-market-news/meta-releases-ai-model-to-enhance-metaverse-experience-3770391 "HTTP/1.1 200 OK"
2024-12-15 09:11:21,363 - INFO - HTTP Request: GET https://www.investing.com/news/stock-market-news/mizuho-says-nvidia-stock-is-set-to-hit-170-in-q1-2025-heres-why-3767412 "HTTP/1.1 200 OK"
2024-12-15 09:11:21,997 - INFO - HTTP Request: GET https://www.investing.com/news/stock-market-news/mexican-senate-approves-work-benefits-for-app-drivers-3770490 "HTTP/1.1 200 OK"
2024-12-15 09:11:22,006 - INFO - HTTP Request: GET https://www.investing.com/news/stock-market-news/amazon-donating-1-million-to-trump-inaugural-fund-to-air-event-on-prime-video-3770526 "HTTP/1.1 200 OK"
2024-12-15 09:11:22,014 - INFO - HTTP Request: GET https://www.investing.com/news/stock-market-news/ftc-revives-price-discrimination-law-sues-alcohol-distributor-3769718 "HTTP/1.1 200 OK"
2024-12-15 09:11:22,025 - INFO - HTTP Request: GET https://www.investing.com/news/stock-market-news/gilead-appoints-sanofi-official-dietmar-berger-as-next-chief-medical-officer-3770371 "HTTP/1.1 200 OK"
2024-12-15 09:11:22,032 - INFO - HTTP Request: GET https://www.investing.com/news/stock-market-news/tesla-launches-actually-smart-summon-feature-in-china-3770741 "HTTP/1.1 200 OK"
2024-12-15 09:11:22,039 - INFO - HTTP Request: GET https://www.investing.com/news/stock-market-news/taiwan-stocks-higher-at-close-of-trade-taiwan-weighted-up-063-3770622 "HTTP/1.1 200 OK"
2024-12-15 09:11:22,046 - INFO - HTTP Request: GET https://www.investing.com/news/stock-market-news/chinas-catl-offers-suppliers-financial-support-to-drive-battery-innovation-3770747 "HTTP/1.1 200 OK"
2024-12-15 09:11:22,054 - INFO - HTTP Request: GET https://www.investing.com/news/stock-market-news/exclusivesingapore-vietnam-firms-in-talks-for-new-undersea-cables-sources-say-3770574 "HTTP/1.1 200 OK"
2024-12-15 09:11:22,061 - INFO - HTTP Request: GET https://www.investing.com/news/stock-market-news/australian-data-centre-firm-digico-reit-largely-flat-in-trading-debut-3770462 "HTTP/1.1 200 OK"
2024-12-15 09:11:22,068 - INFO - HTTP Request: GET https://www.investing.com/news/stock-market-news/japan-stocks-lower-at-close-of-trade-nikkei-225-down-102-3770655 "HTTP/1.1 200 OK"
2024-12-15 09:11:22,075 - INFO - HTTP Request: GET https://www.investing.com/news/stock-market-news/australia-stocks-lower-at-close-of-trade-spasx-200-down-041-3770600 "HTTP/1.1 200 OK"
2024-12-15 09:11:22,115 - INFO - HTTP Request: GET https://www.investing.com/news/stock-market-news/australian-star-entertainments-gold-coast-casino-chief-exits-3770695 "HTTP/1.1 200 OK"
2024-12-15 09:11:22,139 - INFO - HTTP Request: GET https://www.investing.com/news/stock-market-news/broadcom-mizuho-rosenblatt-hike-price-targets-on-positive-ai-outlook-3770566 "HTTP/1.1 200 OK"
2024-12-15 09:11:22,160 - INFO - HTTP Request: GET https://www.investing.com/news/stock-market-news/macys-says-internal-control-not-effective-after-employee-made-entries-to-hide-154-million-3770366 "HTTP/1.1 200 OK"
2024-12-15 09:11:22,169 - INFO - HTTP Request: GET https://www.investing.com/news/stock-market-news/sec-preparing-more-charges-against-elon-musk-probing-neuralink-3770529 "HTTP/1.1 200 OK"
2024-12-15 09:11:22,712 - INFO - HTTP Request: GET https://www.investing.com/news/stock-market-news/two-us-states-sue-glock-over-machine-gun-conversion-3769766 "HTTP/1.1 200 OK"
2024-12-15 09:11:22,744 - INFO - HTTP Request: GET https://www.investing.com/news/stock-market-news/us-banking-giant-jpmorgan-elects-hershey-ceo-michele-buck-to-board-3770168 "HTTP/1.1 200 OK"
2024-12-15 09:11:22,752 - INFO - HTTP Request: GET https://www.investing.com/news/stock-market-news/global-ev-sales-hit-third-consecutive-record-high-3770382 "HTTP/1.1 200 OK"
2024-12-15 09:11:22,758 - INFO - HTTP Request: GET https://www.investing.com/news/stock-market-news/advance-auto-parts-bmo-starts-coverage-with-sector-perform-says-valuation-fair-3770634 "HTTP/1.1 200 OK"
2024-12-15 09:11:22,804 - INFO - HTTP Request: GET https://www.investing.com/news/stock-market-news/faa-administrator-whitaker-to-step-down-on-jan-20-3769155 "HTTP/1.1 200 OK"
2024-12-15 09:11:22,813 - INFO - HTTP Request: GET https://www.investing.com/news/stock-market-news/broadcom-forecasts-firstquarter-revenue-above-estimates-3770065 "HTTP/1.1 200 OK"
2024-12-15 09:11:22,820 - INFO - HTTP Request: GET https://www.investing.com/news/stock-market-news/asia-stocks-fall-ahead-of-fed-meet-china-shares-slump-as-cewc-updates-disappoint-3770521 "HTTP/1.1 200 OK"
2024-12-15 09:11:22,824 - INFO - HTTP Request: GET https://www.investing.com/news/stock-market-news/warner-bros-discovery-to-restructure-split-tv-and-streaming-businesses-into-two-units-3768959 "HTTP/1.1 200 OK"
2024-12-15 09:11:22,826 - INFO - HTTP Request: GET https://www.investing.com/news/stock-market-news/maersk-sees-global-trade-growth-rising-as-much-as-7-in-2025-exec-says-3770159 "HTTP/1.1 200 OK"
2024-12-15 09:11:22,830 - INFO - HTTP Request: GET https://www.investing.com/news/stock-market-news/factboxhow-trumps-new-ftc-chair-views-ai-big-tech-3770274 "HTTP/1.1 200 OK"
2024-12-15 09:11:22,835 - INFO - HTTP Request: GET https://www.investing.com/news/stock-market-news/china-sentiment-improves-amid-stimulus-talk-but-morgan-stanley-still-cautious-3770525 "HTTP/1.1 200 OK"
2024-12-15 09:11:22,839 - INFO - HTTP Request: GET https://www.investing.com/news/stock-market-news/salesforce-shines-in-keybancs-2025-outlook-amplitude-among-top-picks-3770596 "HTTP/1.1 200 OK"
2024-12-15 09:11:24,257 - INFO - HTTP Request: GET https://www.investing.com/news/stock-market-news/cantor-fitzgerald-pays-675-million-to-settle-sec-charges-over-misleading-spac-disclosures-3770369 "HTTP/1.1 200 OK"
2024-12-15 09:11:24,276 - INFO - HTTP Request: GET https://www.investing.com/news/stock-market-news/private-medicare-plans-must-cover-biogens-als-drug-us-agency-says-3769714 "HTTP/1.1 200 OK"
2024-12-15 09:11:24,291 - INFO - HTTP Request: GET https://www.investing.com/news/stock-market-news/texas-probes-tech-platforms-over-safety-and-privacy-of-minors-3770263 "HTTP/1.1 200 OK"
2024-12-15 09:11:24,305 - INFO - HTTP Request: GET https://www.investing.com/news/stock-market-news/adobe-falls-as-annual-revenue-forecast-triggers-concerns-on-delayed-ai-returns-3768470 "HTTP/1.1 200 OK"
2024-12-15 09:11:24,311 - INFO - HTTP Request: GET https://www.investing.com/news/stock-market-news/afterhours-movers-broadcom-costco-evgo-candel-therapeutics-432SI-3770160 "HTTP/1.1 200 OK"
2024-12-15 09:11:24,417 - INFO - HTTP Request: GET https://www.investing.com/news/stock-market-news/broadcom-stock-hits-record-high-on-positive-guidance-ceo-comments-3770398 "HTTP/1.1 200 OK"
2024-12-15 09:11:41,082 - INFO - HTTP Request: GET https://www.investing.com/news/stock-market-news/7 "HTTP/1.1 200 OK"
2024-12-15 09:11:43,201 - INFO - HTTP Request: GET https://www.investing.com/news/stock-market-news/costco-earnings-beat-by-026-revenue-fell-short-of-estimates-3770053 "HTTP/1.1 200 OK"
2024-12-15 09:11:43,788 - INFO - HTTP Request: GET https://www.investing.com/news/stock-market-news/under-armour-shares-dip-following-investor-meeting-93CH-3769946 "HTTP/1.1 200 OK"
2024-12-15 09:11:43,795 - INFO - HTTP Request: GET https://www.investing.com/news/stock-market-news/intel-executives-say-manufacturing-spinoff-is-possible-3769657 "HTTP/1.1 200 OK"
2024-12-15 09:11:43,825 - INFO - HTTP Request: GET https://www.investing.com/news/stock-market-news/us-senators-green-groups-call-for-accountability-over-hacking-of-exxon-critics-3768419 "HTTP/1.1 200 OK"
2024-12-15 09:11:44,498 - INFO - HTTP Request: GET https://www.investing.com/news/stock-market-news/stock-market-today-sp-500-ends-lower-after-upside-inflation-surprise-3767745 "HTTP/1.1 503 Service Temporarily Unavailable"
2024-12-15 09:11:44,503 - INFO - HTTP Request: GET https://www.investing.com/news/stock-market-news/apple-nears-switch-from-broadcom-chips-eyes-inhouse-launch-next-year-bloomberg-3769768 "HTTP/1.1 200 OK"
2024-12-15 09:11:44,507 - INFO - HTTP Request: GET https://www.investing.com/news/stock-market-news/boeing-to-invest-1-billion-add-jobs-in-south-carolina-93CH-3769830 "HTTP/1.1 200 OK"
2024-12-15 09:11:44,510 - INFO - HTTP Request: GET https://www.investing.com/news/stock-market-news/software-startup-servicetitan-valued-at-897-billion-as-shares-jump-42-in-nasdaq-debut-3769690 "HTTP/1.1 200 OK"
2024-12-15 09:11:44,517 - INFO - HTTP Request: GET https://www.investing.com/news/stock-market-news/amd-shares-gain-as-cfo-touts-server-market-growth-93CH-3769903 "HTTP/1.1 200 OK"
2024-12-15 09:11:44,521 - INFO - HTTP Request: GET https://www.investing.com/news/stock-market-news/blackrock-recommends-bitcoin-portfolio-weighting-of-up-to-2-for-interested-investors-3769677 "HTTP/1.1 200 OK"
2024-12-15 09:11:44,526 - INFO - HTTP Request: GET https://www.investing.com/news/stock-market-news/us-power-deals-down-36-in-last-year-due-to-political-uncertainty-pwc-says-3769711 "HTTP/1.1 200 OK"
2024-12-15 09:11:44,540 - INFO - HTTP Request: GET https://www.investing.com/news/stock-market-news/colombia-stocks-higher-at-close-of-trade-colcap-up-012-3770083 "HTTP/1.1 200 OK"
2024-12-15 09:11:44,550 - INFO - HTTP Request: GET https://www.investing.com/news/stock-market-news/brazil-stocks-lower-at-close-of-trade-bovespa-down-133-3770075 "HTTP/1.1 200 OK"
2024-12-15 09:11:44,566 - INFO - HTTP Request: GET https://www.investing.com/news/stock-market-news/boeing-to-increase-787-production-to-10-per-month-by-2026-3769816 "HTTP/1.1 200 OK"
2024-12-15 09:11:44,575 - INFO - HTTP Request: GET https://www.investing.com/news/stock-market-news/broadcom-earnings-beat-by-003-revenue-fell-short-of-estimates-3770030 "HTTP/1.1 200 OK"
2024-12-15 09:11:44,583 - INFO - HTTP Request: GET https://www.investing.com/news/stock-market-news/us-appeals-court-tosses-nasdaq-board-diversity-rules-3767734 "HTTP/1.1 200 OK"
2024-12-15 09:11:44,592 - INFO - HTTP Request: GET https://www.investing.com/news/stock-market-news/servicetitan-debuts-with-42-surge-in-ipo-93CH-3769914 "HTTP/1.1 200 OK"
2024-12-15 09:11:44,600 - INFO - HTTP Request: GET https://www.investing.com/news/stock-market-news/us-stocks-lower-at-close-of-trade-dow-jones-industrial-average-down-053-3770086 "HTTP/1.1 200 OK"
2024-12-15 09:11:44,609 - INFO - HTTP Request: GET https://www.investing.com/news/stock-market-news/us-asks-court-to-reject-delay-to-law-that-would-ban-tiktok-3767782 "HTTP/1.1 200 OK"
2024-12-15 09:11:44,618 - INFO - HTTP Request: GET https://www.investing.com/news/stock-market-news/canada-considers-export-tax-on-uranium-and-oil-in-response-to-potential-us-tariffs--bloomberg-93CH-3769880 "HTTP/1.1 200 OK"
2024-12-15 09:11:44,626 - INFO - HTTP Request: GET https://www.investing.com/news/stock-market-news/hsbc-considers-scaling-back-global-retail-banking-93CH-3769749 "HTTP/1.1 200 OK"
2024-12-15 09:11:44,635 - INFO - HTTP Request: GET https://www.investing.com/news/stock-market-news/western-digital-faces-headwinds-shares-drop-93CH-3769806 "HTTP/1.1 200 OK"
2024-12-15 09:11:44,643 - INFO - HTTP Request: GET https://www.investing.com/news/stock-market-news/canada-government-sells-its-air-canada-stake-globe-and-mail-reports-3769863 "HTTP/1.1 200 OK"
2024-12-15 09:11:44,651 - INFO - HTTP Request: GET https://www.investing.com/news/stock-market-news/luigi-mangione-was-charged-with-murder--then-donations-started-pouring-in-3767752 "HTTP/1.1 200 OK"
2024-12-15 09:11:44,660 - INFO - HTTP Request: GET https://www.investing.com/news/stock-market-news/canada-stocks-lower-at-close-of-trade-sptsx-composite-down-096-3770078 "HTTP/1.1 200 OK"
2024-12-15 09:11:44,663 - INFO - HTTP Request: GET https://www.investing.com/news/stock-market-news/russia-stocks-lower-at-close-of-trade-moex-russia-index-down-088-3770063 "HTTP/1.1 200 OK"
2024-12-15 09:11:44,668 - INFO - HTTP Request: GET https://www.investing.com/news/stock-market-news/servicetitan-shares-open-at-101-each-42-above-71-ipo-price-earlier-432SI-3769911 "HTTP/1.1 200 OK"
2024-12-15 09:11:44,689 - INFO - HTTP Request: GET https://www.investing.com/news/stock-market-news/import-and-export-prices-rig-count-data-to-shape-fridays-economic-outlook-93CH-3769791 "HTTP/1.1 200 OK"
2024-12-15 09:11:44,695 - INFO - HTTP Request: GET https://www.investing.com/news/stock-market-news/adobe-ciena-lead-thursdays-market-cap-stock-movers-93CH-3769796 "HTTP/1.1 200 OK"
2024-12-15 09:11:44,764 - ERROR - Error processing article Stock market today: S&P 500 ends lower after upside inflation surprise: 'NoneType' object has no attribute 'get_text'
2024-12-15 09:11:44,778 - INFO - HTTP Request: GET https://www.investing.com/news/stock-market-news/bank-of-nova-scotia-approved-by-fed-to-acquire-up-to-15-of-keycorp-shares-93CH-3770129 "HTTP/1.1 200 OK"
2024-12-15 09:11:45,299 - INFO - HTTP Request: GET https://www.investing.com/news/stock-market-news/indias-longest-bull-market-has-more-room-to-run--morgan-stanley-3769827 "HTTP/1.1 200 OK"
2024-12-15 09:11:45,306 - INFO - HTTP Request: GET https://www.investing.com/news/stock-market-news/inside-boeings-struggle-to-make-its-bestselling-plane-again-3768385 "HTTP/1.1 200 OK"
2024-12-15 09:11:52,121 - INFO - HTTP Request: GET https://www.investing.com/news/stock-market-news/apple-nears-switch-to-inhouse-bluetooth-and-wifi-chip-for-iphone-smart-home-bloomberg-reports-3769879 "HTTP/1.1 200 OK"
2024-12-15 09:11:52,128 - INFO - HTTP Request: GET https://www.investing.com/news/stock-market-news/contact-lens-maker-bausch--lomb-says-it-is-exploring-sale-3769829 "HTTP/1.1 200 OK"
2024-12-15 09:11:52,135 - INFO - HTTP Request: GET https://www.investing.com/news/stock-market-news/us-treasury-sells-22b-30year-treasuries-at-higherthanexpected-yield-3769717 "HTTP/1.1 200 OK"
2024-12-15 09:12:02,538 - INFO - HTTP Request: GET https://www.investing.com/news/stock-market-news/8 "HTTP/1.1 200 OK"
2024-12-15 09:12:05,517 - INFO - HTTP Request: GET https://www.investing.com/news/stock-market-news/intel-explores-manufacturing-spinoff-amid-leadership-changes-93CH-3769675 "HTTP/1.1 200 OK"
2024-12-15 09:12:05,525 - INFO - HTTP Request: GET https://www.investing.com/news/stock-market-news/uk-stocks-higher-at-close-of-trade-investingcom-united-kingdom-100-up-007-3769632 "HTTP/1.1 200 OK"
2024-12-15 09:12:05,532 - INFO - HTTP Request: GET https://www.investing.com/news/stock-market-news/spain-stocks-lower-at-close-of-trade-ibex-35-down-015-3769630 "HTTP/1.1 200 OK"
2024-12-15 09:12:05,564 - INFO - HTTP Request: GET https://www.investing.com/news/stock-market-news/producers-of-netflix-hit-love-is-blind-accused-of-us-labor-law-violations-3769656 "HTTP/1.1 200 OK"
2024-12-15 09:12:05,572 - INFO - HTTP Request: GET https://www.investing.com/news/stock-market-news/belgium-stocks-higher-at-close-of-trade-bel-20-up-050-3769617 "HTTP/1.1 200 OK"
2024-12-15 09:12:05,934 - INFO - HTTP Request: GET https://www.investing.com/news/stock-market-news/sweden-stocks-lower-at-close-of-trade-omx-stockholm-30-down-056-3769631 "HTTP/1.1 200 OK"
2024-12-15 09:12:05,938 - INFO - HTTP Request: GET https://www.investing.com/news/stock-market-news/factboxecb-sets-2025-srep-requirements-for-italian-banks-3766673 "HTTP/1.1 200 OK"
2024-12-15 09:12:05,940 - INFO - HTTP Request: GET https://www.investing.com/news/stock-market-news/trump-not-making-market-predictions-signals-further-tax-cuts-93CH-3769547 "HTTP/1.1 200 OK"
2024-12-15 09:12:05,944 - INFO - HTTP Request: GET https://www.investing.com/news/stock-market-news/ubs-starts-uipath-with-sell-on-competitive-challenges-3769525 "HTTP/1.1 200 OK"
2024-12-15 09:12:05,947 - INFO - HTTP Request: GET https://www.investing.com/news/stock-market-news/unsupported-price-hikes-added-815-million-to-us-drug-spending-in-2023-3768843 "HTTP/1.1 200 OK"
2024-12-15 09:12:05,951 - INFO - HTTP Request: GET https://www.investing.com/news/stock-market-news/truckmaker-paccar-to-recall-nearly-220972-us-vehicles-over-braking-system-issues-nhtsa-says-3768355 "HTTP/1.1 200 OK"
2024-12-15 09:12:05,954 - INFO - HTTP Request: GET https://www.investing.com/news/stock-market-news/italy-stocks-higher-at-close-of-trade-investingcom-italy-40-up-039-3769623 "HTTP/1.1 200 OK"
2024-12-15 09:12:05,958 - INFO - HTTP Request: GET https://www.investing.com/news/stock-market-news/rkf-jr-emphasizes-lifestyle-over-weightloss-drugs-93CH-3769526 "HTTP/1.1 200 OK"
2024-12-15 09:12:05,961 - INFO - HTTP Request: GET https://www.investing.com/news/stock-market-news/netherlands-stocks-lower-at-close-of-trade-aex-down-019-3769626 "HTTP/1.1 200 OK"
2024-12-15 09:12:05,971 - INFO - HTTP Request: GET https://www.investing.com/news/stock-market-news/brazilian-miner-vale-invests-in-us-startup-as-part-of-decarbonization-push-3769671 "HTTP/1.1 200 OK"
2024-12-15 09:12:05,989 - INFO - HTTP Request: GET https://www.investing.com/news/stock-market-news/chevron-working-on-supply-of-power-to-data-centers-executive-says-3767209 "HTTP/1.1 200 OK"
2024-12-15 09:12:05,997 - INFO - HTTP Request: GET https://www.investing.com/news/stock-market-news/european-stock-markets-edge-higher-ecb-decision-awaited-3768138 "HTTP/1.1 200 OK"
2024-12-15 09:12:06,004 - INFO - HTTP Request: GET https://www.investing.com/news/stock-market-news/morgan-stanley-sees-volatility-in-mining-sector-adjusts-ratings-3769655 "HTTP/1.1 200 OK"
2024-12-15 09:12:06,018 - INFO - HTTP Request: GET https://www.investing.com/news/stock-market-news/germany-stocks-mixed-at-close-of-trade-dax-up-015-3769620 "HTTP/1.1 200 OK"
2024-12-15 09:12:06,040 - INFO - HTTP Request: GET https://www.investing.com/news/stock-market-news/denmark-stocks-lower-at-close-of-trade-omx-copenhagen-20-down-067-3769543 "HTTP/1.1 200 OK"
2024-12-15 09:12:06,048 - INFO - HTTP Request: GET https://www.investing.com/news/stock-market-news/finland-stocks-lower-at-close-of-trade-omx-helsinki-25-down-052-3769605 "HTTP/1.1 200 OK"
2024-12-15 09:12:06,051 - INFO - HTTP Request: GET https://www.investing.com/news/stock-market-news/france-stocks-lower-at-close-of-trade-cac-40-down-003-3769618 "HTTP/1.1 200 OK"
2024-12-15 09:12:06,057 - INFO - HTTP Request: GET https://www.investing.com/news/stock-market-news/ciena-stock-falls-as-fourthquarter-results-fall-short-of-expectations-3768656 "HTTP/1.1 200 OK"
2024-12-15 09:12:06,069 - INFO - HTTP Request: GET https://www.investing.com/news/stock-market-news/warner-bros-discoverys-latest-strategic-move-could-lead-to-a-spinoff-93CH-3769588 "HTTP/1.1 200 OK"
2024-12-15 09:12:06,117 - INFO - HTTP Request: GET https://www.investing.com/news/stock-market-news/incoming-us-senate-commerce-chair-says-faa-must-improve-air-traffic-systems-3769619 "HTTP/1.1 200 OK"
2024-12-15 09:12:06,153 - INFO - HTTP Request: GET https://www.investing.com/news/stock-market-news/ubs-downgrades-steel-stocks-citing-less-compelling-riskreward-post-rally-3769580 "HTTP/1.1 200 OK"
2024-12-15 09:12:06,158 - INFO - HTTP Request: GET https://www.investing.com/news/stock-market-news/boston-scientific-best-idea-at-td-cowen-lifts-pt-by-10-3769610 "HTTP/1.1 200 OK"
2024-12-15 09:12:06,740 - INFO - HTTP Request: GET https://www.investing.com/news/stock-market-news/poland-stocks-lower-at-close-of-trade-wig30-down-081-3769559 "HTTP/1.1 200 OK"
2024-12-15 09:12:06,748 - INFO - HTTP Request: GET https://www.investing.com/news/stock-market-news/rio-tinto-chief-pledges-response-after-harassment-class-action-3769512 "HTTP/1.1 200 OK"
2024-12-15 09:12:06,779 - INFO - HTTP Request: GET https://www.investing.com/news/stock-market-news/bausch--lomb-stock-extends-gains-as-jefferies-describes-it-as-an-undervalued-asset-93CH-3769523 "HTTP/1.1 200 OK"
2024-12-15 09:12:06,794 - INFO - HTTP Request: GET https://www.investing.com/news/stock-market-news/denmark-central-bank-cuts-rate-to-protect-krone-93CH-3769575 "HTTP/1.1 200 OK"
2024-12-15 09:12:06,817 - INFO - HTTP Request: GET https://www.investing.com/news/stock-market-news/needham-names-stryker-top-pick-for-2025-on-new-products-margin-gains-3769640 "HTTP/1.1 200 OK"
2024-12-15 09:12:07,588 - INFO - HTTP Request: GET https://www.investing.com/news/stock-market-news/softwareone-plans-stockfinanced-bid-to-acquire-crayon-group-93CH-3769557 "HTTP/1.1 200 OK"
2024-12-15 09:12:09,595 - INFO - HTTP Request: GET https://www.investing.com/news/stock-market-news/nordson-shares-slump-on-weak-fullyear-guidance-93CH-3769633 "HTTP/1.1 200 OK"
2024-12-15 09:12:10,780 - INFO - HTTP Request: GET https://www.investing.com/news/stock-market-news/virgin-galactic-eyes-italy-for-space-tourism-expansion-93CH-3769596 "HTTP/1.1 200 OK"
2024-12-15 09:12:22,980 - INFO - HTTP Request: GET https://www.investing.com/news/stock-market-news/9 "HTTP/1.1 200 OK"
2024-12-15 09:12:25,734 - INFO - HTTP Request: GET https://www.investing.com/news/stock-market-news/uber-rises-as-tdcowen-weighs-in-positively-on-the-companys-direction-3769073 "HTTP/1.1 200 OK"
2024-12-15 09:12:25,742 - INFO - HTTP Request: GET https://www.investing.com/news/stock-market-news/olin-stock-gains-after-boosting-share-repurchase-program-to-2-billion-93CH-3769281 "HTTP/1.1 200 OK"
2024-12-15 09:12:25,750 - INFO - HTTP Request: GET https://www.investing.com/news/stock-market-news/volkswagens-board-leans-against-closing-big-plants-in-germany-media-report-says-3768808 "HTTP/1.1 200 OK"
2024-12-15 09:12:25,771 - INFO - HTTP Request: GET https://www.investing.com/news/stock-market-news/exclusiveshein-ipo-uk-regulator-decision-slowed-by-ngo-challenge-sources-say-3767894 "HTTP/1.1 200 OK"
2024-12-15 09:12:25,799 - INFO - HTTP Request: GET https://www.investing.com/news/stock-market-news/google-says-feedback-shows-old-search-result-format-is-bad-for-hotels-3769076 "HTTP/1.1 200 OK"
2024-12-15 09:12:26,345 - INFO - HTTP Request: GET https://www.investing.com/news/stock-market-news/stellantis-to-extend-stoppage-at-mirafiori-plant-until-jan-20-union-says-3768054 "HTTP/1.1 200 OK"
2024-12-15 09:12:26,363 - INFO - HTTP Request: GET https://www.investing.com/news/stock-market-news/baird-starts-on-palantir-at-neutral-factors-ai-strengths-valuation-3769447 "HTTP/1.1 200 OK"
2024-12-15 09:12:26,368 - INFO - HTTP Request: GET https://www.investing.com/news/stock-market-news/danish-central-bank-likely-to-cut-key-rate-today-93CH-3769072 "HTTP/1.1 200 OK"
2024-12-15 09:12:26,380 - INFO - HTTP Request: GET https://www.investing.com/news/stock-market-news/lockheed-martin-counters-false-f35-contract-cancellation-rumor-93CH-3769433 "HTTP/1.1 200 OK"
2024-12-15 09:12:26,405 - INFO - HTTP Request: GET https://www.investing.com/news/stock-market-news/buzzfeed-sells-hot-ones-creator-for-825-million-to-group-led-by-sorosaffiliate-3769483 "HTTP/1.1 200 OK"
2024-12-15 09:12:26,427 - INFO - HTTP Request: GET https://www.investing.com/news/stock-market-news/turkey-stocks-higher-at-close-of-trade-bist-100-up-000-3769450 "HTTP/1.1 200 OK"
2024-12-15 09:12:26,438 - INFO - HTTP Request: GET https://www.investing.com/news/stock-market-news/fuel-theft-violence-siphoning-215-million-from-ecuador-oil-industry-3768426 "HTTP/1.1 200 OK"
2024-12-15 09:12:26,448 - INFO - HTTP Request: GET https://www.investing.com/news/stock-market-news/norway-stocks-lower-at-close-of-trade-oslo-obx-down-006-3769480 "HTTP/1.1 200 OK"
2024-12-15 09:12:26,469 - INFO - HTTP Request: GET https://www.investing.com/news/stock-market-news/elon-musks-net-worth-tops-400-billion-forbes-billionaires-list-shows-3769240 "HTTP/1.1 200 OK"
2024-12-15 09:12:26,480 - INFO - HTTP Request: GET https://www.investing.com/news/stock-market-news/putin-endorses-orbans-ukraine-christmas-ceasefire-proposal-93CH-3769143 "HTTP/1.1 200 OK"
2024-12-15 09:12:26,494 - INFO - HTTP Request: GET https://www.investing.com/news/stock-market-news/greece-stocks-higher-at-close-of-trade-athens-general-composite-up-044-3769474 "HTTP/1.1 200 OK"
2024-12-15 09:12:26,503 - INFO - HTTP Request: GET https://www.investing.com/news/stock-market-news/adobe-nvidia-among-thursdays-market-cap-stock-movers-93CH-3769440 "HTTP/1.1 200 OK"
2024-12-15 09:12:26,514 - INFO - HTTP Request: GET https://www.investing.com/news/stock-market-news/booking-named-best-idea-for-2025-at-td-cowen-3769446 "HTTP/1.1 200 OK"
2024-12-15 09:12:26,525 - INFO - HTTP Request: GET https://www.investing.com/news/stock-market-news/hsbc-starts-roblox-at-buy-amid-improving-economics-growing-market-potential-3769328 "HTTP/1.1 200 OK"
2024-12-15 09:12:26,532 - INFO - HTTP Request: GET https://www.investing.com/news/stock-market-news/israel-stocks-lower-at-close-of-trade-ta-35-down-004-3769476 "HTTP/1.1 200 OK"
2024-12-15 09:12:26,539 - INFO - HTTP Request: GET https://www.investing.com/news/stock-market-news/sp-500-to-peak-in-first-months-of-2025-before-falling-later-in-the-year-stifel-3769080 "HTTP/1.1 200 OK"
2024-12-15 09:12:26,546 - INFO - HTTP Request: GET https://www.investing.com/news/stock-market-news/hsbc-world-banks-ifc-launch-1-billion-trade-finance-programme-for-emerging-market-3767743 "HTTP/1.1 200 OK"
2024-12-15 09:12:26,553 - INFO - HTTP Request: GET https://www.investing.com/news/stock-market-news/samsung-accuses-india-antitrust-body-of-detaining-employees-seizing-data-unlawfully-3768279 "HTTP/1.1 200 OK"
2024-12-15 09:12:26,560 - INFO - HTTP Request: GET https://www.investing.com/news/stock-market-news/metlife-targets-doubledigit-earnings-per-share-gains-in-new-growth-plan-3768826 "HTTP/1.1 200 OK"
2024-12-15 09:12:26,565 - INFO - HTTP Request: GET https://www.investing.com/news/stock-market-news/korean-air-completes-asiana-takeover-to-form-one-of-asias-biggest-airlines-3767848 "HTTP/1.1 200 OK"
2024-12-15 09:12:26,568 - INFO - HTTP Request: GET https://www.investing.com/news/stock-market-news/trump-organization-plans-second-saudi-arabian-tower-in-regional-expansion-3769335 "HTTP/1.1 200 OK"
2024-12-15 09:12:26,576 - INFO - HTTP Request: GET https://www.investing.com/news/stock-market-news/ebrd-launches-110-million-euro-guarantee-for-ukraine-warrisk-insurance-3768213 "HTTP/1.1 200 OK"
2024-12-15 09:12:26,639 - INFO - HTTP Request: GET https://www.investing.com/news/stock-market-news/centene-gains-after-outlining-solid-growth-at-investor-day-93CH-3769074 "HTTP/1.1 200 OK"
2024-12-15 09:12:26,643 - INFO - HTTP Request: GET https://www.investing.com/news/stock-market-news/servicetitan-shares-indicated-to-open-at-109-432SI-3769499 "HTTP/1.1 200 OK"
2024-12-15 09:12:26,706 - INFO - HTTP Request: GET https://www.investing.com/news/stock-market-news/morocco-stocks-lower-at-close-of-trade-moroccan-all-shares-down-014-3769394 "HTTP/1.1 200 OK"
2024-12-15 09:12:28,723 - INFO - HTTP Request: GET https://www.investing.com/news/stock-market-news/trump-says-he-will-meet-with-amazons-bezos-next-week-3769387 "HTTP/1.1 200 OK"
2024-12-15 09:12:28,728 - INFO - HTTP Request: GET https://www.investing.com/news/stock-market-news/conagra-brands-targets-glp1-users-with-new-labels--wsj-93CH-3769071 "HTTP/1.1 200 OK"
2024-12-15 09:12:29,353 - INFO - HTTP Request: GET https://www.investing.com/news/stock-market-news/keybanc-downgrades-tmobile-on-valuation-concerns-3769363 "HTTP/1.1 200 OK"
2024-12-15 09:12:29,363 - INFO - HTTP Request: GET https://www.investing.com/news/stock-market-news/riot-shares-jump-12--on-report-of-starboard-stake-3769235 "HTTP/1.1 200 OK"
2024-12-15 09:12:29,370 - INFO - HTTP Request: GET https://www.investing.com/news/stock-market-news/metlife-general-atlantic-to-launch-reinsurance-venture-3766139 "HTTP/1.1 200 OK"
2024-12-15 09:12:41,728 - INFO - Scraping completed in 221.44 seconds
2024-12-15 09:12:41,728 - INFO - Scraped 278 articles.
2024-12-15 09:12:41,987 - INFO - Data insertion completed. 275 new records inserted, 3 records skipped due to conflict. Total time: 0.20 seconds.
